path	line	text
docs/validation/arrival/README.md	38	XDG_CONFIG_HOME=/tmp/fk-config XDG_DATA_HOME=/tmp/fk-data godot --headless --path /tmp/fk-project --script res://scripts/tests/test_expedition_corruption.gd
docs/validation/memorial/capture_memorial_ui.gd	2	"const Memories = preload(""res://scripts/services/memory_tutorial_service.gd"")"
docs/validation/memorial/capture_memorial_ui.gd	3	"const Refuge = preload(""res://scripts/services/refuge_service.gd"")"
docs/validation/memorial/capture_memorial_ui.gd	12	"var err := picture.save_png(""/tmp/fk-memorial-validation/"" + name + "".png"")"
docs/validation/memorial/capture_power_hub.gd	2	"const Refuge = preload(""res://scripts/services/refuge_service.gd"")"
docs/validation/memorial/capture_power_hub.gd	8	"root.get_texture().get_image().save_png(""/tmp/fk-memorial-validation/"" + title + "".png"")"
docs/validation/prologue/README.md	31	Godot **4.4.stable.official.4c311cbee**. Import et exécution dans `/tmp/fk-prologue-validation/project`, avec `XDG_CONFIG_HOME` et `XDG_DATA_HOME` isolés. Aucun lancement de l’éditeur dans le dépôt de travail.
mvp/assets/audio/music/musique.md	26	cd /home/billy/Work/Ingrid
mvp/assets/audio/music/musique.md	48	cd /home/billy/Work/Ingrid/downloads
mvp/data/classes.json	15	"""icon"": ""res://assets/class_icons/demonblade.png"","
mvp/data/classes.json	36	"""icon"": ""res://assets/class_icons/hellcaster.png"","
mvp/data/classes.json	55	"""icon"": ""res://assets/class_icons/shadowfang.png"","
mvp/data/classes.json	74	"""icon"": ""res://assets/class_icons/soulwarden.png"","
mvp/data/classes.json	94	"""icon"": ""res://assets/class_icons/hellranger.png"","
mvp/data/classes.json	115	"""icon"": ""res://assets/class_icons/abysspaladin.png"","
mvp/data/classes.json	137	"""icon"": ""res://assets/class_icons/pactbound.png"","
mvp/data/classes.json	157	"""icon"": ""res://assets/class_icons/echobard.png"","
mvp/data/classes.json	176	"""icon"": ""res://assets/class_icons/berserkdemon.png"","
mvp/data/classes.json	198	"""icon"": ""res://assets/class_icons/voidmonk.png"","
mvp/data/classes.json	218	"""icon"": ""res://assets/class_icons/wilddruid.png"","
mvp/data/classes.json	237	"""icon"": ""res://assets/class_icons/bloodsorcerer.png"","
mvp/data/classes.json	257	"""icon"": ""res://assets/class_icons/infernalartificer.png"","
mvp/data/classes.json	278	"""icon"": ""res://assets/class_icons/warlord.png"","
mvp/project.godot	20	"run/main_scene=""res://scenes/main_menu.tscn"""
mvp/project.godot	22	"config/icon=""res://icon.png"""
mvp/project.godot	26	"GameManager=""*res://scripts/autoload/game_manager.gd"""
mvp/project.godot	27	"SaveSystem=""*res://scripts/autoload/save_system.gd"""
mvp/project.godot	28	"AudioManager=""*res://scripts/autoload/audio_manager.gd"""
mvp/project.godot	29	"ChapterLoader=""*res://scripts/autoload/chapter_loader.gd"""
mvp/project.godot	30	"ClanManager=""*res://scripts/autoload/clan_manager.gd"""
mvp/project.godot	31	"GameDataLoader=""*res://scripts/autoload/game_data_loader.gd"""
mvp/project.godot	32	"DungeonGenerator=""*res://scripts/autoload/dungeon_generator.gd"""
mvp/resources/creatures/incubus_base.tres	3	"[ext_resource type=""Script"" path=""res://scripts/data/creature_profile.gd"" id=""1""]"
mvp/resources/creatures/incubus_base.tres	23	"portrait_path = ""res://assets/images/Creatures/incubus_azrael.png"""
mvp/resources/creatures/mind_flayer.tres	3	"[ext_resource type=""Script"" path=""res://scripts/data/creature_profile.gd"" id=""1""]"
mvp/resources/creatures/mind_flayer.tres	22	"portrait_path = ""res://assets/images/Creatures/mind_flayer_01.png"""
mvp/resources/creatures/succubus_base.tres	3	"[ext_resource type=""Script"" path=""res://scripts/data/creature_profile.gd"" id=""1""]"
mvp/resources/creatures/succubus_base.tres	22	"portrait_path = ""res://assets/images/Creatures/succubus_lilith.png"""
mvp/resources/creatures/tentacle_beast.tres	3	"[ext_resource type=""Script"" path=""res://scripts/data/creature_profile.gd"" id=""1""]"
mvp/resources/creatures/tentacle_beast.tres	21	"portrait_path = ""res://assets/images/Creatures/tentacle_01.png"""
mvp/resources/materials/fk_ui_background.tres	3	"[ext_resource type=""Shader"" path=""res://assets/shaders/fk_ui_background.gdshader"" id=""1_bg""]"
mvp/scenes/chapter_select.tscn	3	"[ext_resource type=""Script"" path=""res://scripts/ui/chapter_select.gd"" id=""1_chapterselect""]"
mvp/scenes/chapter_view.tscn	3	"[ext_resource type=""Script"" path=""res://scripts/ui/chapter_view.gd"" id=""1_chapterview""]"
mvp/scenes/character_animation.tscn	3	"[ext_resource path=""res://scripts/character_anim.gd"" type=""Script"" id=1]"
mvp/scenes/character_creation/character_creation_screen.tscn	3	"[ext_resource type=""Script"" uid=""uid://cqebpwo2iwnsc"" path=""res://scripts/ui/character_creation/character_creation_screen.gd"" id=""1_screen""]"
mvp/scenes/character_creation/slides/slide_01_basic_info.tscn	3	"[ext_resource type=""Script"" uid=""uid://c0re4ykonkqos"" path=""res://scripts/ui/character_creation/slides/slide_01_basic_info.gd"" id=""1_slide""]"
mvp/scenes/character_creation/slides/slide_01_basic_info.tscn	4	"[ext_resource type=""Script"" uid=""uid://bqj4mc8sm7qiw"" path=""res://scripts/ui/character_creation/portrait_payload.gd"" id=""2_portrait""]"
mvp/scenes/character_creation/slides/slide_02_class_stats.tscn	3	"[ext_resource type=""Script"" uid=""uid://pnabbmojcynf"" path=""res://scripts/ui/character_creation/slides/slide_02_class_stats.gd"" id=""1_slide""]"
mvp/scenes/character_creation/slides/slide_03_feats_abilities.tscn	3	"[ext_resource type=""Script"" uid=""uid://bkp61lwt3ro0h"" path=""res://scripts/ui/character_creation/slides/slide_03_feats_abilities.gd"" id=""1_slide""]"
mvp/scenes/character_creation/slides/slide_04_items_equipment.tscn	3	"[ext_resource type=""Script"" path=""res://scripts/ui/character_creation/slides/slide_04_items_equipment.gd"" id=""1_slide""]"
mvp/scenes/character_creation/slides/slide_04_items_equipment.tscn	4	"[ext_resource type=""Script"" path=""res://scripts/ui/character_creation/components/inventory_item_grid.gd"" id=""2_inventory_grid""]"
mvp/scenes/character_creation/slides/slide_04_items_equipment.tscn	5	"[ext_resource type=""Script"" path=""res://scripts/ui/character_creation/components/equipment_slot_card.gd"" id=""3_slot_card""]"
mvp/scenes/character_creation/slides/slide_04_items_equipment.tscn	6	"[ext_resource type=""Texture2D"" path=""res://assets/images/hero/defaut.png"" id=""5_portrait_male""]"
mvp/scenes/character_creation/slides/slide_06_character_sheet.tscn	3	"[ext_resource type=""Script"" uid=""uid://xahcgrh1oufc"" path=""res://scripts/ui/character_creation/slides/CharacterSheet.gd"" id=""1_slide""]"
mvp/scenes/character_sheet.tscn	3	"[ext_resource type=""Script"" uid=""uid://dsd4endrqqvt1"" path=""res://scripts/ui/character_sheet.gd"" id=""1""]"
mvp/scenes/clan_hub.tscn	3	"[ext_resource type=""Script"" uid=""uid://ptihhfkd1td6"" path=""res://scripts/ui/clan_hub.gd"" id=""1_clanhub""]"
mvp/scenes/creation_personnage.tscn	3	"[ext_resource type=""Script"" path=""res://scripts/ui/creation_personnage.gd"" id=""1_creatperso""]"
mvp/scenes/dungeon_view.tscn	3	"[ext_resource type=""Script"" path=""res://scripts/ui/dungeon_view.gd"" id=""1_dungeon""]"
mvp/scenes/intro_vn.tscn	3	"[ext_resource type=""Script"" path=""res://scripts/ui/intro_vn.gd"" id=""1_introvn""]"
mvp/scenes/library_view.tscn	3	"[ext_resource type=""Script"" path=""res://scripts/ui/library_view.gd"" id=""1""]"
mvp/scenes/main_menu.tscn	3	"[ext_resource type=""Script"" uid=""uid://duxx0d0ccqb3"" path=""res://scripts/ui/main_menu.gd"" id=""1_main_menu""]"
mvp/scenes/main_menu.tscn	4	"[ext_resource type=""Texture2D"" path=""res://assets/icon/jeu.png"" id=""2_emblem""]"
mvp/scenes/main_menu.tscn	5	"[ext_resource type=""Texture2D"" path=""res://assets/images/clan/defaut.png"" id=""3_continue""]"
mvp/scenes/map_view.tscn	3	"[ext_resource type=""Script"" path=""res://scripts/ui/map_view.gd"" id=""1_mapview""]"
mvp/scenes/memory_tutorial.tscn	3	"[ext_resource type=""Script"" path=""res://scripts/ui/tutorials/memory_tutorial_view.gd"" id=""1""]"
mvp/scenes/pnj_card.tscn	2	"[ext_resource path=""res://scripts/ui/pnj_card.gd"" type=""Script"" id=1]"
mvp/scenes/pnj_manager.tscn	3	"[ext_resource type=""Script"" path=""res://scripts/ui/pnj_manager.gd"" id=""1_pnj_manager""]"
mvp/scenes/resolution_action.tscn	3	"[ext_resource type=""Script"" path=""res://scripts/ui/resolution_action.gd"" id=""1_resaction""]"
mvp/scenes/slot_select.tscn	3	"[ext_resource type=""Script"" path=""res://scripts/ui/slot_select.gd"" id=""1_slotselect""]"
mvp/scenes/ui/character_creation/components/inventory_item_card.tscn	3	"[ext_resource type=""Script"" path=""res://scripts/ui/character_creation/components/inventory_item_card.gd"" id=""1""]"
mvp/scenes/ui/event_result_view.tscn	3	"[ext_resource type=""Script"" path=""res://scripts/ui/event_result_view.gd"" id=""1""]"
mvp/scripts/adapters/world_state_adapter.gd	5	"const WorldStateClass = preload(""res://scripts/data/world_state.gd"")"
mvp/scripts/autoload/audio_manager.gd	5	"const MUSIC_DIR := ""res://assets/audio/music/"""
mvp/scripts/autoload/audio_manager.gd	6	"const SFX_DIR   := ""res://assets/audio/sfx/"""
mvp/scripts/autoload/audio_manager.gd	33	# Preload common SFX (if present in res://assets/audio/sfx/)
mvp/scripts/autoload/chapter_loader.gd	3	## Les chapitres sont stockés dans res://resources/chapters/ en tant que .tres (Dictionary).
mvp/scripts/autoload/chapter_loader.gd	56	# Tente de charger depuis un fichier JSON généré (res://resources/chapters/data.json)
mvp/scripts/autoload/chapter_loader.gd	57	"var json_path := ""res://resources/chapters/data.json"""
mvp/scripts/autoload/clan_manager.gd	3	## Chargé depuis game/clan/etat_clan_defaut.json + sauvegarde utilisateur.
mvp/scripts/autoload/clan_manager.gd	6	"const FKHelpers = preload(""res://scripts/utils/fk_helpers.gd"")"
mvp/scripts/autoload/clan_manager.gd	7	"const ClanIdentityType = preload(""res://scripts/data/clan_identity.gd"")"
mvp/scripts/autoload/clan_manager.gd	8	"const StatDefsClass = preload(""res://scripts/data/stat_defs.gd"")"
mvp/scripts/autoload/clan_manager.gd	9	"const CorruptionServiceClass = preload(""res://scripts/services/corruption_service.gd"")"
mvp/scripts/autoload/clan_manager.gd	10	"const CreatureRosterServiceClass = preload(""res://scripts/services/creature_roster_service.gd"")"
mvp/scripts/autoload/clan_manager.gd	11	"const PactServiceClass = preload(""res://scripts/services/pact_service.gd"")"
mvp/scripts/autoload/clan_manager.gd	12	"const PnjDailyPlannerServiceClass = preload(""res://scripts/services/pnj_daily_planner_service.gd"")"
mvp/scripts/autoload/clan_manager.gd	13	"const CharacterBuildServiceClass = preload(""res://scripts/data/character_build_service.gd"")"
mvp/scripts/autoload/clan_manager.gd	14	"const PnjGeneratorClass = preload(""res://scripts/services/pnj_generator.gd"")"
mvp/scripts/autoload/clan_manager.gd	15	"const GameLoopStateMachineClass = preload(""res://scripts/game_loop/game_loop_state_machine.gd"")"
mvp/scripts/autoload/clan_manager.gd	16	"const JsonPersistenceServiceClass = preload(""res://scripts/services/json_persistence_service.gd"")"
mvp/scripts/autoload/clan_manager.gd	19	"const DEFAULT_STATE_PATH := ""res://data/clan/etat_clan_defaut.json"""
mvp/scripts/autoload/clan_manager.gd	966	"preload(""res://scripts/services/refuge_service.gd"").dawn(self)"
mvp/scripts/autoload/clan_manager.gd	970	"day_report = ""Une nouvelle aube. Production : %s. %s"" % [preload(""res://scripts/services/refuge_service.gd"").resources_text(production), message]"
mvp/scripts/autoload/clan_manager.gd	976	"day_report = ""Le travail de la journée est terminé. "" + preload(""res://scripts/services/refuge_service.gd"").resources_text(report.get(""resource_gains"", {}))"
mvp/scripts/autoload/clan_manager.gd	1201	"if preload(""res://scripts/services/narrative_objective_service.gd"").ending_ready(campaign.get(""power_routes"", {})):"
mvp/scripts/autoload/clan_manager.gd	1582	"return ""user://slots/slot_1/clan.json"""
mvp/scripts/autoload/clan_manager.gd	1905	"if not campaign.is_empty(): preload(""res://scripts/services/refuge_service.gd"").log_entry(self, ""Retrouver son équilibre"", message)"
mvp/scripts/autoload/dungeon_generator.gd	4	"const Expedition = preload(""res://scripts/game_loop/expedition_state_machine.gd"")"
mvp/scripts/autoload/dungeon_generator.gd	8	"const Combat = preload(""res://scripts/services/tactical_combat_service.gd"")"
mvp/scripts/autoload/dungeon_generator.gd	9	"const Refuge = preload(""res://scripts/services/refuge_service.gd"")"
mvp/scripts/autoload/dungeon_generator.gd	192	"preload(""res://scripts/services/power_campaign_service.gd"").ensure(_clan_manager())"
mvp/scripts/autoload/dungeon_generator.gd	306	"preload(""res://scripts/services/power_campaign_service.gd"").record_expedition(_clan_manager(), current_run)"
mvp/scripts/autoload/game_data_loader.gd	6	"const StatDefsClass = preload(""res://scripts/data/stat_defs.gd"")"
mvp/scripts/autoload/game_data_loader.gd	8	# ── Chemins (relatifs à res://) ──────────────────────────────────────
mvp/scripts/autoload/game_data_loader.gd	9	"const PATH_CONFIG_TOUR := ""res://data/phases/config_tour.json"""
mvp/scripts/autoload/game_data_loader.gd	10	"const PATH_CHARACTER_TRAITS := ""res://data/character_traits.json"""
mvp/scripts/autoload/game_data_loader.gd	11	"const PATH_LIBRARY_ENTRIES := ""res://data/library_entries.json"""
mvp/scripts/autoload/game_data_loader.gd	12	"const PATH_CLASSES := ""res://data/classes.json"""
mvp/scripts/autoload/game_data_loader.gd	13	"const PATH_FEATS := ""res://data/feats.json"""
mvp/scripts/autoload/game_data_loader.gd	14	"const PATH_ABILITIES := ""res://data/abilities.json"""
mvp/scripts/autoload/game_data_loader.gd	15	"const PATH_EQUIPMENT := ""res://data/equipment.json"""
mvp/scripts/autoload/game_data_loader.gd	16	"const PATH_PROGRESSION_DIR := ""res://data/progression"""
mvp/scripts/autoload/game_data_loader.gd	17	"const PATH_HOUSES := ""res://data/world/houses.json"""
mvp/scripts/autoload/game_data_loader.gd	386	"var tutorial = preload(""res://scripts/autoload/tutorial_director.gd"")"
mvp/scripts/autoload/game_data_loader.gd	453	# Si un fichier res://data/abilities.json existe, l'utiliser
mvp/scripts/autoload/game_data_loader.gd	454	"var path := ""res://data/abilities.json"""
mvp/scripts/autoload/game_data_loader.gd	631	## Retourne un chemin `res://...` vers l'icône si trouvée, sinon chaîne vide.
mvp/scripts/autoload/game_data_loader.gd	640	"if explicit.begins_with(""res://""):"
mvp/scripts/autoload/game_data_loader.gd	644	"var cand := ""res://"" + explicit.strip_edges()"
mvp/scripts/autoload/game_data_loader.gd	647	"var cand2 := ""res://"" + explicit.strip_edges().trim_prefix(""mvp/"")"
mvp/scripts/autoload/game_data_loader.gd	653	"""res://assets/class_icons/"","
mvp/scripts/autoload/game_manager.gd	7	"""main_menu"":            ""res://scenes/main_menu.tscn"","
mvp/scripts/autoload/game_manager.gd	8	"""chapter_view"":         ""res://scenes/chapter_view.tscn"","
mvp/scripts/autoload/game_manager.gd	9	"""chapter_select"":       ""res://scenes/chapter_select.tscn"","
mvp/scripts/autoload/game_manager.gd	10	"""slot_select"":          ""res://scenes/slot_select.tscn"","
mvp/scripts/autoload/game_manager.gd	11	"""map_view"":             ""res://scenes/map_view.tscn"","
mvp/scripts/autoload/game_manager.gd	12	"""creation_personnage"":  ""res://scenes/character_creation/character_creation_screen.tscn"","
mvp/scripts/autoload/game_manager.gd	13	"""clan_hub"":             ""res://scenes/clan_hub.tscn"","
mvp/scripts/autoload/game_manager.gd	14	"""intro_vn"":             ""res://scenes/intro_vn.tscn"","
mvp/scripts/autoload/game_manager.gd	15	"""memory_tutorial"":      ""res://scenes/memory_tutorial.tscn"","
mvp/scripts/autoload/game_manager.gd	16	"""resolution_action"":    ""res://scenes/resolution_action.tscn"","
mvp/scripts/autoload/game_manager.gd	17	"""dungeon_view"":         ""res://scenes/dungeon_view.tscn"","
mvp/scripts/autoload/game_manager.gd	18	"""pnj_manager"":          ""res://scenes/pnj_manager.tscn"","
mvp/scripts/autoload/game_manager.gd	19	"""library_view"":         ""res://scenes/library_view.tscn"","
mvp/scripts/autoload/game_manager.gd	269	"var icon_path := ""res://assets/ui/stop_icon.svg"""
mvp/scripts/autoload/save_system.gd	2	## Singleton de sauvegarde — persiste la progression par slot dans user://slots/<slot>/.
mvp/scripts/autoload/save_system.gd	5	"const JsonPersistenceServiceClass = preload(""res://scripts/services/json_persistence_service.gd"")"
mvp/scripts/autoload/save_system.gd	7	"const SLOTS_ROOT_PATH := ""user://slots"""
mvp/scripts/autoload/save_system.gd	8	"const SLOTS_INDEX_PATH := ""user://save_slots.json"""
mvp/scripts/autoload/save_system.gd	13	"const TMP_SUFFIX := "".tmp"""
mvp/scripts/character_anim.gd	3	"@export var texture_path: String = ""res://assets/character.png"""
mvp/scripts/character_anim.gd	6	"@export var animations_base_dir: String = ""res://assets/animations/kiss"""
mvp/scripts/data/character.gd	6	"const StatDefsClass = preload(""res://scripts/data/stat_defs.gd"")"
mvp/scripts/data/character.gd	7	"const ClanIdentityType = preload(""res://scripts/data/clan_identity.gd"")"
mvp/scripts/data/character_build_service.gd	5	"const StatDefsClass = preload(""res://scripts/data/stat_defs.gd"")"
mvp/scripts/data/creature_profile.gd	6	"const Enums = preload(""res://scripts/core/enums.gd"")"
mvp/scripts/data/creature_profile.gd	190	"var script: GDScript = load(""res://scripts/data/creature_profile.gd"") as GDScript"
mvp/scripts/data/yaml_to_json_builder.gd	16	"const YAML_CHAPTERS := ""res://story/chroniques_veyr.yaml"""
mvp/scripts/data/yaml_to_json_builder.gd	17	"const YAML_LOCATIONS := ""res://story/carte_veyr.yaml"""
mvp/scripts/data/yaml_to_json_builder.gd	18	"const OUTPUT_JSON    := ""res://resources/chapters/data.json"""
mvp/scripts/data/yaml_to_json_builder.gd	33	"var dir := DirAccess.open(""res://resources/chapters/"")"
mvp/scripts/data/yaml_to_json_builder.gd	36	"ProjectSettings.globalize_path(""res://resources/chapters/""))"
mvp/scripts/data/yaml_to_json_builder.gd	60	"var tmp := FileAccess.open(""user://yaml_convert.py"", FileAccess.WRITE)"
mvp/scripts/data/yaml_to_json_builder.gd	61	if tmp == null:
mvp/scripts/data/yaml_to_json_builder.gd	63	tmp.store_string(script)
mvp/scripts/data/yaml_to_json_builder.gd	64	tmp.close()
mvp/scripts/data/yaml_to_json_builder.gd	66	"var tmp_path: String = OS.get_user_data_dir() + ""/yaml_convert.py"""
mvp/scripts/data/yaml_to_json_builder.gd	71	"var exit_ch := OS.execute(""python"", [tmp_path, ch_path], ch_out)"
mvp/scripts/data/yaml_to_json_builder.gd	73	"exit_ch = OS.execute(""python3"", [tmp_path, ch_path], ch_out)"
mvp/scripts/data/yaml_to_json_builder.gd	78	"OS.execute(""python"", [tmp_path, lc_path], lc_out)"
mvp/scripts/domain/creature_profile.gd	4	"extends ""res://scripts/data/creature_profile.gd"""
mvp/scripts/domain/narrative_objective.gd	4	"const Resolution = preload(""res://scripts/domain/objective_resolution.gd"")"
mvp/scripts/factories/creature_factory.gd	3	"extends ""res://scripts/factory/creature_factory.gd"""
mvp/scripts/factory/character_factory.gd	6	"const CLASSES_PATH := ""res://data/classes.json"""
mvp/scripts/factory/character_factory.gd	7	"const ClanIdentityType = preload(""res://scripts/data/clan_identity.gd"")"
mvp/scripts/factory/character_factory.gd	8	"const StatDefsClass = preload(""res://scripts/data/stat_defs.gd"")"
mvp/scripts/factory/character_factory.gd	9	"const CharacterClass = preload(""res://scripts/data/character.gd"")"
mvp/scripts/factory/creature_factory.gd	5	"const CreatureProfileClass = preload(""res://scripts/data/creature_profile.gd"")"
mvp/scripts/factory/creature_factory.gd	6	"const StatDefs = preload(""res://scripts/data/stat_defs.gd"")"
mvp/scripts/game_loop/apres_midi_state.gd	1	"extends ""res://scripts/state_machine/state.gd"""
mvp/scripts/game_loop/expedition_state_machine.gd	3	"const StateMachineClass = preload(""res://scripts/state_machine/state_machine.gd"")"
mvp/scripts/game_loop/expedition_state_machine.gd	4	"const StateClass = preload(""res://scripts/state_machine/state.gd"")"
mvp/scripts/game_loop/game_loop_state_machine.gd	4	"const StateMachineClass = preload(""res://scripts/state_machine/state_machine.gd"")"
mvp/scripts/game_loop/game_loop_state_machine.gd	5	"const Matin = preload(""res://scripts/game_loop/matin_state.gd"")"
mvp/scripts/game_loop/game_loop_state_machine.gd	6	"const ApresMidi = preload(""res://scripts/game_loop/apres_midi_state.gd"")"
mvp/scripts/game_loop/game_loop_state_machine.gd	7	"const Soir = preload(""res://scripts/game_loop/soir_state.gd"")"
mvp/scripts/game_loop/matin_state.gd	1	"extends ""res://scripts/state_machine/state.gd"""
mvp/scripts/game_loop/soir_state.gd	1	"extends ""res://scripts/state_machine/state.gd"""
mvp/scripts/services/character_creation_application_service.gd	6	"const CharacterCreationRules = preload(""res://scripts/services/character_creation_rules_service.gd"")"
mvp/scripts/services/character_creation_application_service.gd	7	"const CharacterTraitsRules = preload(""res://scripts/services/character_traits_service.gd"")"
mvp/scripts/services/character_creation_rules_service.gd	5	"const CharacterBuildServiceClass = preload(""res://scripts/data/character_build_service.gd"")"
mvp/scripts/services/character_creation_rules_service.gd	6	"const StatDefsClass = preload(""res://scripts/data/stat_defs.gd"")"
mvp/scripts/services/corruption_service.gd	6	"const Enums = preload(""res://scripts/core/enums.gd"")"
mvp/scripts/services/corruption_service.gd	7	"const TrainingSystemClass = preload(""res://scripts/services/training_system.gd"")"
mvp/scripts/services/creature_portrait_resolver.gd	4	"const ROOT := ""res://assets/images/PNJ"""
mvp/scripts/services/creature_roster_service.gd	5	"const CreatureProfileClass = preload(""res://scripts/data/creature_profile.gd"")"
mvp/scripts/services/json_persistence_service.gd	37	"tmp_suffix: String = "".tmp"""
mvp/scripts/services/json_persistence_service.gd	40	var tmp_path := path + tmp_suffix
mvp/scripts/services/json_persistence_service.gd	43	var file := FileAccess.open(tmp_path, FileAccess.WRITE)
mvp/scripts/services/json_persistence_service.gd	54	DirAccess.remove_absolute(tmp_path)
mvp/scripts/services/json_persistence_service.gd	57	if DirAccess.rename_absolute(tmp_path, path) != OK:
mvp/scripts/services/json_persistence_service.gd	58	if FileAccess.file_exists(tmp_path):
mvp/scripts/services/json_persistence_service.gd	59	DirAccess.remove_absolute(tmp_path)
mvp/scripts/services/memory_tutorial_service.gd	5	"const Loops = preload(""res://scripts/services/power_loop_service.gd"")"
mvp/scripts/services/memory_tutorial_service.gd	6	"const Combat = preload(""res://scripts/services/tactical_combat_service.gd"")"
mvp/scripts/services/memory_tutorial_service.gd	7	"const Objectives = preload(""res://scripts/services/narrative_objective_service.gd"")"
mvp/scripts/services/memory_tutorial_service.gd	8	"const Result = preload(""res://scripts/domain/loop_action_result.gd"")"
mvp/scripts/services/memory_tutorial_service.gd	11	"return JSON.parse_string(FileAccess.get_file_as_string(""res://data/tutorials/memories.json"")) as Array"
mvp/scripts/services/name_generator_service.gd	4	"const DATA_PATH := ""res://data/generation/name_fragments.json"""
mvp/scripts/services/narrative_objective_service.gd	3	"const Objective = preload(""res://scripts/domain/narrative_objective.gd"")"
mvp/scripts/services/narrative_objective_service.gd	4	"const Resolution = preload(""res://scripts/domain/objective_resolution.gd"")"
mvp/scripts/services/pact_service.gd	6	"const Enums = preload(""res://scripts/core/enums.gd"")"
mvp/scripts/services/pnj_daily_planner_service.gd	4	"const StatDefsClass = preload(""res://scripts/data/stat_defs.gd"")"
mvp/scripts/services/pnj_generator.gd	4	"const NameGeneratorServiceScript = preload(""res://scripts/services/name_generator_service.gd"")"
mvp/scripts/services/pnj_generator.gd	5	"const StatDefsClass = preload(""res://scripts/data/stat_defs.gd"")"
mvp/scripts/services/pnj_generator.gd	6	"const PnjDailyPlannerServiceClass = preload(""res://scripts/services/pnj_daily_planner_service.gd"")"
mvp/scripts/services/power_campaign_service.gd	4	"const Loops = preload(""res://scripts/services/power_loop_service.gd"")"
mvp/scripts/services/power_campaign_service.gd	5	"const Objectives = preload(""res://scripts/services/narrative_objective_service.gd"")"
mvp/scripts/services/power_campaign_service.gd	6	"const Resolution = preload(""res://scripts/domain/objective_resolution.gd"")"
mvp/scripts/services/power_campaign_service.gd	7	"const Result = preload(""res://scripts/domain/loop_action_result.gd"")"
mvp/scripts/services/power_campaign_service.gd	8	"const Refuge = preload(""res://scripts/services/refuge_service.gd"")"
mvp/scripts/services/power_campaign_service.gd	9	"const Enums = preload(""res://scripts/core/enums.gd"")"
mvp/scripts/services/power_loop_service.gd	5	"const Result = preload(""res://scripts/domain/loop_action_result.gd"")"
mvp/scripts/services/power_loop_service.gd	6	"const Objectives = preload(""res://scripts/services/narrative_objective_service.gd"")"
mvp/scripts/services/power_loop_service.gd	7	"const Resolution = preload(""res://scripts/domain/objective_resolution.gd"")"
mvp/scripts/services/power_loop_service.gd	11	"return JSON.parse_string(FileAccess.get_file_as_string(""res://data/power_actions.json"")) as Dictionary"
mvp/scripts/services/refuge_service.gd	4	"const PnjDailyPlannerServiceClass = preload(""res://scripts/services/pnj_daily_planner_service.gd"")"
mvp/scripts/services/resource_path_resolver.gd	2	"extends ""res://scripts/utils/resource_path_resolver.gd"""
mvp/scripts/tests/check_classe_stats.gd	41	"var scene := ResourceLoader.load(""res://scenes/character_sheet.tscn"") as PackedScene"
mvp/scripts/tests/check_scenes.gd	3	"const GameManagerScript = preload(""res://scripts/autoload/game_manager.gd"")"
mvp/scripts/tests/check_scenes_parsing.gd	9	"var gm_path := ""res://scripts/autoload/game_manager.gd"""
mvp/scripts/tests/check_scenes_parsing.gd	24	# Find all res://scenes/*.tscn occurrences
mvp/scripts/tests/check_scenes_parsing.gd	26	"var err := re.compile('res://scenes/[^"" ]+\\.tscn')"
mvp/scripts/tests/e2e_clanhub_display.gd	24	"var hub_path := ""res://scenes/clan_hub.tscn"""
mvp/scripts/tests/generate_pnj_test.gd	22	"var gen: RefCounted = load(""res://scripts/services/pnj_generator.gd"").new()"
mvp/scripts/tests/inspect_creation_ui.gd	7	"var scene_path := ""res://scenes/creation_personnage.tscn"""
mvp/scripts/tests/instantiate_pnj_manager.gd	8	"var sc := load(""res://scenes/pnj_manager.tscn"") as PackedScene"
mvp/scripts/tests/smoke_pnj_management.gd	10	"var service_script := load(""res://scripts/services/pnj_daily_planner_service.gd"")"
mvp/scripts/tests/smoke_refactor_domain.gd	3	"const CreatureProfileScript = preload(""res://scripts/data/creature_profile.gd"")"
mvp/scripts/tests/smoke_refactor_domain.gd	4	"const CreatureFactoryScript = preload(""res://scripts/factory/creature_factory.gd"")"
mvp/scripts/tests/smoke_refactor_domain.gd	5	"const CreatureRosterServiceScript = preload(""res://scripts/services/creature_roster_service.gd"")"
mvp/scripts/tests/smoke_refactor_domain.gd	6	"const CorruptionServiceScript = preload(""res://scripts/services/corruption_service.gd"")"
mvp/scripts/tests/smoke_stats.gd	5	"const CharacterFactoryClass = preload(""res://scripts/factory/character_factory.gd"")"
mvp/scripts/tests/smoke_stats.gd	6	"const CharacterClass = preload(""res://scripts/data/character.gd"")"
mvp/scripts/tests/test_campaign_states.gd	2	"const Expedition = preload(""res://scripts/game_loop/expedition_state_machine.gd"")"
mvp/scripts/tests/test_campaign_states.gd	3	"const Refuge = preload(""res://scripts/services/refuge_service.gd"")"
mvp/scripts/tests/test_chapter_view_illustrations.gd	3	"const ResourcePathResolverScript = preload(""res://scripts/utils/resource_path_resolver.gd"")"
mvp/scripts/tests/test_chapter_view_illustrations.gd	4	"const CHAPTER_DATA_PATH := ""res://resources/chapters/data.json"""
mvp/scripts/tests/test_chapter_view_illustrations.gd	26	"var texture: Texture2D = ResourcePathResolverScript.load_texture(illustration_name, ""res://assets/images"")"
mvp/scripts/tests/test_character_clan_reference.gd	3	"const ClanIdentityType = preload(""res://scripts/data/clan_identity.gd"")"
mvp/scripts/tests/test_character_clan_reference.gd	4	"const CreationDataType = preload(""res://scripts/ui/character_creation/creation_data.gd"")"
mvp/scripts/tests/test_character_clan_reference.gd	5	"const CharacterType = preload(""res://scripts/data/character.gd"")"
mvp/scripts/tests/test_character_creation_point_buy.gd	3	"const CreationData = preload(""res://scripts/ui/character_creation/creation_data.gd"")"
mvp/scripts/tests/test_character_creation_point_buy.gd	4	"const Rules = preload(""res://scripts/services/character_creation_rules_service.gd"")"
mvp/scripts/tests/test_character_creation_point_buy.gd	39	"var packed := load(""res://scenes/character_creation/slides/slide_02_class_stats.tscn"") as PackedScene"
mvp/scripts/tests/test_character_creation_point_buy.gd	133	"var packed := load(""res://scenes/character_creation/slides/slide_03_feats_abilities.tscn"") as PackedScene"
mvp/scripts/tests/test_character_creation_smoke.gd	4	"""res://scenes/character_creation/character_creation_screen.tscn"","
mvp/scripts/tests/test_character_creation_smoke.gd	5	"""res://scenes/character_creation/slides/slide_01_basic_info.tscn"","
mvp/scripts/tests/test_character_creation_smoke.gd	6	"""res://scenes/character_creation/slides/slide_02_class_stats.tscn"","
mvp/scripts/tests/test_character_creation_smoke.gd	7	"""res://scenes/character_creation/slides/slide_03_feats_abilities.tscn"","
mvp/scripts/tests/test_character_creation_smoke.gd	8	"""res://scenes/character_creation/slides/slide_04_items_equipment.tscn"","
mvp/scripts/tests/test_character_creation_smoke.gd	9	"""res://scenes/character_creation/slides/slide_06_character_sheet.tscn"","
mvp/scripts/tests/test_character_stats_roundtrip.gd	3	"const Rules = preload(""res://scripts/services/character_creation_rules_service.gd"")"
mvp/scripts/tests/test_compile_smoke.gd	6	"const StatDefsScript = preload(""res://scripts/data/stat_defs.gd"")"
mvp/scripts/tests/test_compile_smoke.gd	7	"const PnjDailyPlannerScript = preload(""res://scripts/services/pnj_daily_planner_service.gd"")"
mvp/scripts/tests/test_compile_smoke.gd	8	"const PnjGeneratorScript = preload(""res://scripts/services/pnj_generator.gd"")"
mvp/scripts/tests/test_compile_smoke.gd	9	"const JsonPersistenceScript = preload(""res://scripts/services/json_persistence_service.gd"")"
mvp/scripts/tests/test_compile_smoke.gd	10	"const CharacterBuildScript = preload(""res://scripts/data/character_build_service.gd"")"
mvp/scripts/tests/test_compile_smoke.gd	11	"const ResourcePathResolverScript = preload(""res://scripts/utils/resource_path_resolver.gd"")"
mvp/scripts/tests/test_compile_smoke.gd	12	"const CorruptionServiceScript = preload(""res://scripts/services/corruption_service.gd"")"
mvp/scripts/tests/test_compile_smoke.gd	13	"const EnumsScript = preload(""res://scripts/core/enums.gd"")"
mvp/scripts/tests/test_compile_smoke.gd	14	"const TrainingSystemScript = preload(""res://scripts/services/training_system.gd"")"
mvp/scripts/tests/test_compile_smoke.gd	15	"const PactServiceScript = preload(""res://scripts/services/pact_service.gd"")"
mvp/scripts/tests/test_compile_smoke.gd	16	"const WorldStateScript = preload(""res://scripts/data/world_state.gd"")"
mvp/scripts/tests/test_compile_smoke.gd	17	"const WorldStateAdapterScript = preload(""res://scripts/adapters/world_state_adapter.gd"")"
mvp/scripts/tests/test_compile_smoke.gd	18	"const EventResultPresenterScript = preload(""res://scripts/ui/event_result_presenter.gd"")"
mvp/scripts/tests/test_compile_smoke.gd	19	"const EventResultViewScript = preload(""res://scripts/ui/event_result_view.gd"")"
mvp/scripts/tests/test_compile_smoke.gd	20	"const CreatureProfileScript = preload(""res://scripts/data/creature_profile.gd"")"
mvp/scripts/tests/test_compile_smoke.gd	21	"const CreatureProfileLegacyPathScript = preload(""res://scripts/domain/creature_profile.gd"")"
mvp/scripts/tests/test_compile_smoke.gd	22	"const CreatureFactoryScript = preload(""res://scripts/factory/creature_factory.gd"")"
mvp/scripts/tests/test_compile_smoke.gd	23	"const CreatureRosterServiceScript = preload(""res://scripts/services/creature_roster_service.gd"")"
mvp/scripts/tests/test_compile_smoke.gd	24	"const SoldierAssignmentServiceScript = preload(""res://scripts/services/soldier_assignment_service.gd"")"
mvp/scripts/tests/test_compile_smoke.gd	25	"const ClanHouseServiceScript = preload(""res://scripts/services/clan_house_service.gd"")"
mvp/scripts/tests/test_compile_smoke.gd	26	"const ClanEconomyServiceScript = preload(""res://scripts/services/clan_economy_service.gd"")"
mvp/scripts/tests/test_compile_smoke.gd	37	"const SLIDE_02_SCENE := ""res://scenes/character_creation/slides/slide_02_class_stats.tscn"""
mvp/scripts/tests/test_corruption_clan_manager.gd	3	"const Enums = preload(""res://scripts/core/enums.gd"")"
mvp/scripts/tests/test_corruption_clan_manager.gd	21	"var creature: Resource = ResourceLoader.load(""res://resources/creatures/succubus_base.tres"")"
mvp/scripts/tests/test_corruption_service.gd	3	"const Enums = preload(""res://scripts/core/enums.gd"")"
mvp/scripts/tests/test_corruption_service.gd	4	"const CorruptionServiceScript = preload(""res://scripts/services/corruption_service.gd"")"
mvp/scripts/tests/test_corruption_service.gd	5	"const CreatureRosterServiceScript = preload(""res://scripts/services/creature_roster_service.gd"")"
mvp/scripts/tests/test_corruption_service.gd	6	"const PactServiceScript = preload(""res://scripts/services/pact_service.gd"")"
mvp/scripts/tests/test_corruption_service.gd	22	"var registered: Dictionary = corruption.register_character(""pnj_adulte"", 40.0, [""resilient""], 0, {}, ""res://portrait.png"")"
mvp/scripts/tests/test_corruption_service.gd	27	"""res://resources/creatures/succubus_base.tres"","
mvp/scripts/tests/test_corruption_service.gd	28	"""res://resources/creatures/incubus_base.tres"","
mvp/scripts/tests/test_corruption_service.gd	29	"""res://resources/creatures/tentacle_beast.tres"","
mvp/scripts/tests/test_corruption_service.gd	30	"""res://resources/creatures/mind_flayer.tres"","
mvp/scripts/tests/test_creation_classes_ui.gd	2	"const Data = preload(""res://scripts/ui/character_creation/creation_data.gd"")"
mvp/scripts/tests/test_creation_classes_ui.gd	3	"const MANAGER_PATH = ""res://scripts/ui/character_creation/character_creation_manager.gd"""
mvp/scripts/tests/test_creation_classes_ui.gd	10	"var screen: Control = load(""res://scenes/character_creation/character_creation_screen.tscn"").instantiate()"
mvp/scripts/tests/test_creation_headless.gd	9	"var scene_path := ""res://scenes/creation_personnage.tscn"""
mvp/scripts/tests/test_creation_headless.gd	55	"var hub_path := ""res://scenes/clan_hub.tscn"""
mvp/scripts/tests/test_domain_services.gd	3	"const ResourcePathResolverScript = preload(""res://scripts/utils/resource_path_resolver.gd"")"
mvp/scripts/tests/test_domain_services.gd	4	"const CorruptionServiceScript = preload(""res://scripts/services/corruption_service.gd"")"
mvp/scripts/tests/test_domain_services.gd	5	"const CreatureProfileScript = preload(""res://scripts/data/creature_profile.gd"")"
mvp/scripts/tests/test_domain_services.gd	6	"const CreatureFactoryScript = preload(""res://scripts/factory/creature_factory.gd"")"
mvp/scripts/tests/test_domain_services.gd	7	"const CreatureRosterServiceScript = preload(""res://scripts/services/creature_roster_service.gd"")"
mvp/scripts/tests/test_domain_services.gd	8	"const SoldierAssignmentServiceScript = preload(""res://scripts/services/soldier_assignment_service.gd"")"
mvp/scripts/tests/test_domain_services.gd	9	"const ClanHouseServiceScript = preload(""res://scripts/services/clan_house_service.gd"")"
mvp/scripts/tests/test_domain_services.gd	10	"const ClanEconomyServiceScript = preload(""res://scripts/services/clan_economy_service.gd"")"
mvp/scripts/tests/test_domain_services.gd	30	"if path != ""res://data/clan/etat_clan_defaut.json"" or not ResourcePathResolverScript.file_exists(path):"
mvp/scripts/tests/test_event_result_view.gd	3	"const EventResultViewScene = preload(""res://scenes/ui/event_result_view.tscn"")"
mvp/scripts/tests/test_event_result_view.gd	4	"const Presenter = preload(""res://scripts/ui/event_result_presenter.gd"")"
mvp/scripts/tests/test_event_result_view.gd	5	"const RESOLUTION_ACTION_PATH := ""res://scenes/resolution_action.tscn"""
mvp/scripts/tests/test_event_result_view.gd	24	"""illustration_path"": ""res://assets/images/asset_inconnu.png"","
mvp/scripts/tests/test_event_result_view.gd	80	"var file := FileAccess.open(""res://data/phases/config_tour.json"", FileAccess.READ)"
mvp/scripts/tests/test_expedition_corruption.gd	2	"const Refuge = preload(""res://scripts/services/refuge_service.gd"")"
mvp/scripts/tests/test_expedition_corruption.gd	3	"const Combat = preload(""res://scripts/services/tactical_combat_service.gd"")"
mvp/scripts/tests/test_expedition_corruption.gd	58	"var panel: Control = load(""res://scripts/ui/refuge_panel.gd"").new()"
mvp/scripts/tests/test_family_portraits.gd	3	"const VisualAssetCatalog = preload(""res://scripts/ui/visual_asset_catalog.gd"")"
mvp/scripts/tests/test_family_portraits.gd	4	"const PortraitPayload = preload(""res://scripts/ui/character_creation/portrait_payload.gd"")"
mvp/scripts/tests/test_family_portraits.gd	6	"const EXPECTED_MOTHER := ""res://assets/images/clan/mère/Okasa-sama (6).png"""
mvp/scripts/tests/test_family_portraits.gd	7	"const EXPECTED_FATHER_ALONE := ""res://assets/images/clan/Pere et fils/Ottosama_00002_.png"""
mvp/scripts/tests/test_family_portraits.gd	8	"const EXPECTED_FATHER_FOR_MAN := ""res://assets/images/clan/Pere et fille/Ottosama_00026_.png"""
mvp/scripts/tests/test_family_portraits.gd	9	"const EXPECTED_FATHER_FOR_OTHER := ""res://assets/images/clan/Pere et fils/Ottosama_00003_.png"""
mvp/scripts/tests/test_family_portraits.gd	11	"""res://assets/images/clan/defaut.png"","
mvp/scripts/tests/test_family_portraits.gd	12	"""res://assets/images/clan/nine_nobles.png"","
mvp/scripts/tests/test_family_portraits.gd	15	"""res://assets/images/PNJ/defaut/male.png"","
mvp/scripts/tests/test_family_portraits.gd	16	"""res://assets/images/PNJ/defaut/female.png"","
mvp/scripts/tests/test_family_portraits.gd	69	"if not path.begins_with(""res://assets/images/clan/""):"
mvp/scripts/tests/test_family_portraits.gd	96	"var path := ""res://data/ui_visual_bindings.json"""
mvp/scripts/tests/test_family_visual_assets.gd	3	"const VisualAssetCatalog = preload(""res://scripts/ui/visual_asset_catalog.gd"")"
mvp/scripts/tests/test_family_visual_assets.gd	4	"const ResourcePathResolver = preload(""res://scripts/utils/resource_path_resolver.gd"")"
mvp/scripts/tests/test_family_visual_assets.gd	27	"var texture: Texture2D = ResourcePathResolver.load_texture(path, ""res://assets/images/clan"")"
mvp/scripts/tests/test_integration_feats.gd	4	"const CharacterClass = preload(""res://scripts/data/character.gd"")"
mvp/scripts/tests/test_integration_feats.gd	28	"var feats_defs: Dictionary = _read_json_dict(""res://data/feats.json"")"
mvp/scripts/tests/test_memorial_resume.gd	2	"const Memories = preload(""res://scripts/services/memory_tutorial_service.gd"")"
mvp/scripts/tests/test_memorial_resume.gd	3	"const Campaign = preload(""res://scripts/services/power_campaign_service.gd"")"
mvp/scripts/tests/test_memorial_resume.gd	4	"const Refuge = preload(""res://scripts/services/refuge_service.gd"")"
mvp/scripts/tests/test_memory_sequences.gd	2	"const Memories = preload(""res://scripts/services/memory_tutorial_service.gd"")"
mvp/scripts/tests/test_memory_sequences.gd	3	"const Campaign = preload(""res://scripts/services/power_campaign_service.gd"")"
mvp/scripts/tests/test_multiroute_campaign.gd	2	"const Campaign = preload(""res://scripts/services/power_campaign_service.gd"")"
mvp/scripts/tests/test_multiroute_campaign.gd	3	"const Loops = preload(""res://scripts/services/power_loop_service.gd"")"
mvp/scripts/tests/test_multiroute_campaign.gd	4	"const Objectives = preload(""res://scripts/services/narrative_objective_service.gd"")"
mvp/scripts/tests/test_multiroute_campaign.gd	5	"const Refuge = preload(""res://scripts/services/refuge_service.gd"")"
mvp/scripts/tests/test_multiroute_campaign.gd	6	"const Memories = preload(""res://scripts/services/memory_tutorial_service.gd"")"
mvp/scripts/tests/test_multiroute_campaign.gd	37	"var panel: Control = load(""res://scripts/ui/power_routes_panel.gd"").new()"
mvp/scripts/tests/test_multiroute_campaign.gd	94	"var replay: Control = load(""res://scenes/memory_tutorial.tscn"").instantiate()"
mvp/scripts/tests/test_narration_assets.gd	3	"const ResourcePathResolverScript = preload(""res://scripts/utils/resource_path_resolver.gd"")"
mvp/scripts/tests/test_narration_assets.gd	4	"const CHAPTER_DATA_PATH := ""res://resources/chapters/data.json"""
mvp/scripts/tests/test_narration_assets.gd	39	"var texture: Texture2D = ResourcePathResolverScript.load_texture(name, ""res://assets/images"")"
mvp/scripts/tests/test_original_identity.gd	3	"const NameGeneratorServiceScript = preload(""res://scripts/services/name_generator_service.gd"")"
mvp/scripts/tests/test_original_identity.gd	5	"const HOUSES_PATH := ""res://data/world/houses.json"""
mvp/scripts/tests/test_original_identity.gd	6	"const CLASSES_PATH := ""res://data/classes.json"""
mvp/scripts/tests/test_original_identity.gd	7	"const FEATS_PATH := ""res://data/feats.json"""
mvp/scripts/tests/test_original_identity.gd	8	"const ABILITIES_PATH := ""res://data/abilities.json"""
mvp/scripts/tests/test_original_identity.gd	9	"const CHAPTERS_PATH := ""res://resources/chapters/data.json"""
mvp/scripts/tests/test_playable_prologue.gd	2	"const Refuge = preload(""res://scripts/services/refuge_service.gd"")"
mvp/scripts/tests/test_playable_prologue.gd	3	"const Combat = preload(""res://scripts/services/tactical_combat_service.gd"")"
mvp/scripts/tests/test_playable_prologue.gd	4	"const Tutorial = preload(""res://scripts/autoload/tutorial_director.gd"")"
mvp/scripts/tests/test_playable_prologue.gd	29	"var intro: Control = load(""res://scenes/intro_vn.tscn"").instantiate()"
mvp/scripts/tests/test_playable_prologue.gd	76	"var dungeon_ui: Control = load(""res://scenes/dungeon_view.tscn"").instantiate()"
mvp/scripts/tests/test_playable_prologue.gd	131	"var hub: Control = load(""res://scenes/clan_hub.tscn"").instantiate()"
mvp/scripts/tests/test_portrait_signature_loader.gd	3	"const TEST_IMAGE_PATH := ""res://assets/images/hero/defaut.png"""
mvp/scripts/tests/test_portrait_signature_loader.gd	10	"var scene := load(""res://scenes/creation_personnage.tscn"") as PackedScene"
mvp/scripts/tests/test_power_objectives.gd	2	"const Loops = preload(""res://scripts/services/power_loop_service.gd"")"
mvp/scripts/tests/test_power_objectives.gd	3	"const Objectives = preload(""res://scripts/services/narrative_objective_service.gd"")"
mvp/scripts/tests/test_power_objectives.gd	4	"const Resolution = preload(""res://scripts/domain/objective_resolution.gd"")"
mvp/scripts/tests/test_recruter_pnj_scenario.gd	40	"var sc = load(""res://scenes/pnj_manager.tscn"") as PackedScene"
mvp/scripts/tests/test_semantic_visual_mapping.gd	3	"const VisualAssetCatalog = preload(""res://scripts/ui/visual_asset_catalog.gd"")"
mvp/scripts/tests/test_slide2_t_layout.gd	3	"const SCENE_PATH := ""res://scenes/character_creation/slides/slide_02_class_stats.tscn"""
mvp/scripts/tests/test_ui_reforge_smoke.gd	4	"""res://scenes/main_menu.tscn"","
mvp/scripts/tests/test_ui_reforge_smoke.gd	5	"""res://scenes/slot_select.tscn"","
mvp/scripts/tests/test_ui_reforge_smoke.gd	6	"""res://scenes/character_creation/character_creation_screen.tscn"","
mvp/scripts/tests/test_ui_reforge_smoke.gd	7	"""res://scenes/character_creation/slides/slide_02_class_stats.tscn"","
mvp/scripts/tests/test_ui_reforge_smoke.gd	8	"""res://scenes/chapter_select.tscn"","
mvp/scripts/tests/test_ui_reforge_smoke.gd	9	"""res://scenes/chapter_view.tscn"","
mvp/scripts/tests/test_ui_reforge_smoke.gd	10	"""res://scenes/intro_vn.tscn"","
mvp/scripts/tests/test_ui_reforge_smoke.gd	11	"""res://scenes/clan_hub.tscn"","
mvp/scripts/tests/test_ui_reforge_smoke.gd	12	"""res://scenes/pnj_manager.tscn"","
mvp/scripts/tests/test_ui_reforge_smoke.gd	13	"""res://scenes/map_view.tscn"","
mvp/scripts/tests/test_ui_reforge_smoke.gd	14	"""res://scenes/dungeon_view.tscn"","
mvp/scripts/tests/test_ui_reforge_smoke.gd	15	"""res://scenes/resolution_action.tscn"","
mvp/scripts/tests/test_ui_reforge_smoke.gd	16	"""res://scenes/character_sheet.tscn"","
mvp/scripts/tests/test_ui_reforge_smoke.gd	20	"""res://scenes/main_menu.tscn"": ["
mvp/scripts/tests/test_ui_reforge_smoke.gd	28	"""res://scenes/character_creation/character_creation_screen.tscn"": ["
mvp/scripts/tests/test_ui_reforge_smoke.gd	33	"""res://scenes/character_creation/slides/slide_02_class_stats.tscn"": ["
mvp/scripts/tests/test_ui_reforge_smoke.gd	37	"""res://scenes/chapter_view.tscn"": ["
mvp/scripts/tests/test_veyr_runtime_regressions.gd	3	"const PlannerScript = preload(""res://scripts/services/pnj_daily_planner_service.gd"")"
mvp/scripts/tests/test_veyr_runtime_regressions.gd	4	"const INTRO_VN_SCRIPT_PATH := ""res://scripts/ui/intro_vn.gd"""
mvp/scripts/tests/test_veyr_runtime_regressions.gd	5	"const ResourcePathResolver = preload(""res://scripts/utils/resource_path_resolver.gd"")"
mvp/scripts/tests/test_veyr_runtime_regressions.gd	8	"""res://assets/ui/icons/new_game.png"","
mvp/scripts/tests/test_veyr_runtime_regressions.gd	9	"""res://assets/ui/icons/continue.png"","
mvp/scripts/tests/test_veyr_runtime_regressions.gd	10	"""res://assets/ui/icons/settings.png"","
mvp/scripts/tests/test_veyr_runtime_regressions.gd	11	"""res://assets/ui/icons/lore.png"","
mvp/scripts/tests/test_veyr_runtime_regressions.gd	12	"""res://assets/ui/icons/quit.png"","
mvp/scripts/tests/test_veyr_runtime_regressions.gd	48	"var texture: Texture2D = ResourcePathResolver.load_texture(path, ""res://assets/ui/icons"")"
mvp/scripts/tests/test_visual_coherence.gd	3	"const ResourcePathResolver = preload(""res://scripts/utils/resource_path_resolver.gd"")"
mvp/scripts/tests/test_visual_coherence.gd	4	"const VisualAssetCatalog = preload(""res://scripts/ui/visual_asset_catalog.gd"")"
mvp/scripts/tests/test_visual_coherence.gd	7	"""res://assets/images/PNJ/defaut/female.png"","
mvp/scripts/tests/test_visual_coherence.gd	8	"""res://assets/images/PNJ/defaut/male.png"","
mvp/scripts/tests/test_visual_coherence.gd	9	"""res://assets/images/PNJ/defaut/Kael.png"","
mvp/scripts/tests/test_visual_coherence.gd	10	"""res://assets/images/clan/defaut.png"","
mvp/scripts/tests/test_visual_coherence.gd	11	"""res://assets/images/clan/nine_nobles.png"","
mvp/scripts/tests/test_visual_coherence.gd	12	"""res://assets/images/nine_nobles_1024.png"","
mvp/scripts/tests/test_visual_coherence.gd	13	"""res://assets/images/demon_realm_map_1024.png"","
mvp/scripts/tests/test_visual_coherence.gd	14	"""res://assets/images/yomihara_1024.png"","
mvp/scripts/tests/test_visual_coherence.gd	15	"""res://assets/images/ingrid_39_1024.png"","
mvp/scripts/tests/test_visual_coherence.gd	16	"""res://assets/images/lore/hell_knight_1024.webp"","
mvp/scripts/tests/test_visual_coherence.gd	20	"""res://assets/icon/gold.png"","
mvp/scripts/tests/test_visual_coherence.gd	21	"""res://assets/icon/soldat.png"","
mvp/scripts/tests/test_visual_coherence.gd	22	"""res://assets/icon/mana.png"","
mvp/scripts/tests/test_visual_coherence.gd	23	"""res://assets/icon/food.png"","
mvp/scripts/tests/test_visual_coherence.gd	24	"""res://assets/icon/wood.png"","
mvp/scripts/tests/test_visual_coherence.gd	25	"""res://assets/icon/iron.png"","
mvp/scripts/tests/test_visual_coherence.gd	26	"""res://assets/icon/essence.png"","
mvp/scripts/tests/test_visual_coherence.gd	30	"""res://scenes/main_menu.tscn"","
mvp/scripts/tests/test_visual_coherence.gd	31	"""res://scenes/slot_select.tscn"","
mvp/scripts/tests/test_visual_coherence.gd	32	"""res://scenes/pnj_manager.tscn"","
mvp/scripts/tests/test_visual_coherence.gd	33	"""res://scenes/pnj_card.tscn"","
mvp/scripts/tests/test_visual_coherence.gd	34	"""res://scenes/clan_hub.tscn"","
mvp/scripts/tests/test_visual_coherence.gd	35	"""res://scenes/chapter_view.tscn"","
mvp/scripts/tests/test_visual_coherence.gd	36	"""res://scenes/chapter_select.tscn"","
mvp/scripts/tests/test_visual_coherence.gd	37	"""res://scenes/resolution_action.tscn"","
mvp/scripts/tests/test_visual_coherence.gd	38	"""res://scenes/character_creation/slides/slide_01_basic_info.tscn"","
mvp/scripts/tests/test_visual_coherence.gd	39	"""res://scenes/character_creation/slides/slide_02_class_stats.tscn"","
mvp/scripts/tests/test_visual_coherence.gd	40	"""res://scenes/character_creation/slides/slide_06_character_sheet.tscn"","
mvp/scripts/tests/test_visual_coherence.gd	52	"var texture: Texture2D = ResourcePathResolver.load_texture(path, ""res://assets/images"")"
mvp/scripts/tests/test_visual_coherence.gd	86	"""res://scenes/pnj_manager.tscn"":"
mvp/scripts/tests/test_visual_coherence.gd	91	"""res://scenes/pnj_card.tscn"":"
mvp/scripts/tests/test_visual_coherence.gd	97	"""res://scenes/slot_select.tscn"":"
mvp/scripts/tests/test_visual_coherence.gd	100	"""res://scenes/clan_hub.tscn"":"
mvp/scripts/tests/test_visual_coherence.gd	103	"""res://scenes/character_creation/slides/slide_01_basic_info.tscn"":"
mvp/scripts/tests/test_world_state_adapter.gd	3	"const CorruptionServiceScript = preload(""res://scripts/services/corruption_service.gd"")"
mvp/scripts/tests/test_world_state_adapter.gd	4	"const CreatureRosterServiceScript = preload(""res://scripts/services/creature_roster_service.gd"")"
mvp/scripts/tests/test_world_state_adapter.gd	5	"const PactServiceScript = preload(""res://scripts/services/pact_service.gd"")"
mvp/scripts/tests/test_world_state_adapter.gd	6	"const WorldStateAdapterScript = preload(""res://scripts/adapters/world_state_adapter.gd"")"
mvp/scripts/tools/game_data_helper.gd	11	"var script_path: String = ""res://scripts/autoload/game_data_loader.gd"""
mvp/scripts/ui/chapter_select.gd	4	"const FallenUI = preload(""res://scripts/ui/fallen_ui.gd"")"
mvp/scripts/ui/chapter_select.gd	5	"const ResourcePathResolver = preload(""res://scripts/utils/resource_path_resolver.gd"")"
mvp/scripts/ui/chapter_select.gd	6	"const VisualAssetCatalog = preload(""res://scripts/ui/visual_asset_catalog.gd"")"
mvp/scripts/ui/chapter_select.gd	66	"preview.texture = ResourcePathResolver.load_texture(illustration_name, ""res://assets/images"")"
mvp/scripts/ui/chapter_view.gd	4	"const FallenUI = preload(""res://scripts/ui/fallen_ui.gd"")"
mvp/scripts/ui/chapter_view.gd	6	"const ResourcePathResolverScript = preload(""res://scripts/utils/resource_path_resolver.gd"")"
mvp/scripts/ui/chapter_view.gd	7	"const VisualAssetCatalog = preload(""res://scripts/ui/visual_asset_catalog.gd"")"
mvp/scripts/ui/chapter_view.gd	87	"var texture: Texture2D = ResourcePathResolverScript.load_texture(illustration_name, ""res://assets/images"")"
mvp/scripts/ui/character_creation/character_creation_manager.gd	5	"const CharacterCreationRules = preload(""res://scripts/services/character_creation_rules_service.gd"")"
mvp/scripts/ui/character_creation/character_creation_manager.gd	6	"const CharacterCreationDataType = preload(""res://scripts/ui/character_creation/creation_data.gd"")"
mvp/scripts/ui/character_creation/character_creation_manager.gd	7	"const CharacterCreationFlowType = preload(""res://scripts/ui/character_creation/creation_flow_controller.gd"")"
mvp/scripts/ui/character_creation/character_creation_manager.gd	81	"func save_draft(path: String = ""user://saves/creation_draft.json"") -> bool:"
mvp/scripts/ui/character_creation/character_creation_manager.gd	92	"func load_draft(path: String = ""user://saves/creation_draft.json"") -> bool:"
mvp/scripts/ui/character_creation/character_creation_screen.gd	4	"const FallenUI = preload(""res://scripts/ui/fallen_ui.gd"")"
mvp/scripts/ui/character_creation/character_creation_screen.gd	6	"const ManagerType = preload(""res://scripts/ui/character_creation/character_creation_manager.gd"")"
mvp/scripts/ui/character_creation/character_creation_screen.gd	7	"const CharacterCreationFlowType = preload(""res://scripts/ui/character_creation/creation_flow_controller.gd"")"
mvp/scripts/ui/character_creation/character_creation_screen.gd	8	"const ClanIdentityType = preload(""res://scripts/data/clan_identity.gd"")"
mvp/scripts/ui/character_creation/character_creation_screen.gd	27	"""res://scenes/character_creation/slides/slide_01_basic_info.tscn"","
mvp/scripts/ui/character_creation/character_creation_screen.gd	28	"""res://scenes/character_creation/slides/slide_02_class_stats.tscn"","
mvp/scripts/ui/character_creation/character_creation_screen.gd	29	"""res://scenes/character_creation/slides/slide_03_feats_abilities.tscn"","
mvp/scripts/ui/character_creation/character_creation_screen.gd	30	"""res://scenes/character_creation/slides/slide_04_items_equipment.tscn"","
mvp/scripts/ui/character_creation/character_creation_screen.gd	31	"""res://scenes/character_creation/slides/slide_06_character_sheet.tscn"","
mvp/scripts/ui/character_creation/character_creation_screen.gd	106	"subtitle.text += ""\n"" + preload(""res://scripts/services/memory_tutorial_service.gd"").affinity_text(SaveSystem.get_value(""opening"", {}).get(""memories"", {}))"
mvp/scripts/ui/character_creation/character_creation_screen.gd	115	"preload(""res://scripts/ui/components/keyboard_tooltip.gd"").bind(control)"
mvp/scripts/ui/character_creation/character_creation_screen.gd	267	"preload(""res://scripts/services/refuge_service.gd"").initialize(clan_mgr)"
mvp/scripts/ui/character_creation/character_creation_screen.gd	275	"preload(""res://scripts/services/power_campaign_service.gd"").ensure(clan_mgr)"
mvp/scripts/ui/character_creation/character_creation_screen.gd	276	"preload(""res://scripts/services/refuge_service.gd"").log_entry(clan_mgr, ""Le présent"", ""Vous ouvrez les yeux à la Brèche-Sèche. Kael pose deux couvertures près du feu. « Je suis là. Dites-moi seulement ce que vous voulez faire maintenant. »"")"
mvp/scripts/ui/character_creation/character_creation_screen.gd	278	"preload(""res://scripts/services/refuge_service.gd"").log_entry(clan_mgr, ""Souvenir fragmenté"", str(fragment))"
mvp/scripts/ui/character_creation/creation_data.gd	5	"const ClanIdentityType = preload(""res://scripts/data/clan_identity.gd"")"
mvp/scripts/ui/character_creation/slides/CharacterSheet.gd	4	"const CharacterCreationFlowType = preload(""res://scripts/ui/character_creation/creation_flow_controller.gd"")"
mvp/scripts/ui/character_creation/slides/CharacterSheet.gd	5	"const CharacterCreationRules = preload(""res://scripts/services/character_creation_rules_service.gd"")"
mvp/scripts/ui/character_creation/slides/CharacterSheet.gd	6	"const MALE_PORTRAIT = preload(""res://assets/images/hero/homme/male.png"")"
mvp/scripts/ui/character_creation/slides/CharacterSheet.gd	7	"const FEMALE_PORTRAIT = preload(""res://assets/images/hero/femme/female.png"")"
mvp/scripts/ui/character_creation/slides/CharacterSheet.gd	443	"var dir_path = ""user://exports"""
mvp/scripts/ui/character_creation/slides/CharacterSheet.gd	461	"_set_status(""Export OK: PNG + JSON dans user://exports"", Color(0.62, 1.0, 0.73))"
mvp/scripts/ui/character_creation/slides/slide_02_class_stats.gd	3	"extends ""res://scripts/ui/character_creation/slides/creation_slide_base.gd"""
mvp/scripts/ui/character_creation/slides/slide_02_class_stats.gd	5	"const StatDefs = preload(""res://scripts/data/stat_defs.gd"")"
mvp/scripts/ui/character_creation/slides/slide_02_class_stats.gd	6	"const ClassCardFactory = preload(""res://scripts/ui/tween/classedeperso/class_card_factory.gd"")"
mvp/scripts/ui/character_creation/slides/slide_02_class_stats.gd	7	"const CharacterCreationRules = preload(""res://scripts/services/character_creation_rules_service.gd"")"
mvp/scripts/ui/character_creation/slides/slide_02_class_stats.gd	8	"const CharacterBuildService = preload(""res://scripts/data/character_build_service.gd"")"
mvp/scripts/ui/character_creation/slides/slide_02_class_stats.gd	9	"const FallenUI = preload(""res://scripts/ui/fallen_ui.gd"")"
mvp/scripts/ui/character_creation/slides/slide_02_class_stats.gd	10	"const KeyboardTooltip = preload(""res://scripts/ui/components/keyboard_tooltip.gd"")"
mvp/scripts/ui/character_creation/slides/slide_02_class_stats.gd	71	"var tmp_id: Variant = data.get(""class_id"")"
mvp/scripts/ui/character_creation/slides/slide_02_class_stats.gd	72	if tmp_id != null:
mvp/scripts/ui/character_creation/slides/slide_02_class_stats.gd	73	class_id = str(tmp_id)
mvp/scripts/ui/character_creation/slides/slide_02_class_stats.gd	74	"var tmp_stats: Variant = data.get(""stats"")"
mvp/scripts/ui/character_creation/slides/slide_02_class_stats.gd	75	if tmp_stats != null:
mvp/scripts/ui/character_creation/slides/slide_02_class_stats.gd	76	incoming_stats = tmp_stats as Dictionary
mvp/scripts/ui/character_creation/slides/slide_02_class_stats.gd	77	"var tmp_secondary_stats: Variant = data.get(""secondary_stats"")"
mvp/scripts/ui/character_creation/slides/slide_02_class_stats.gd	78	if tmp_secondary_stats != null and tmp_secondary_stats is Dictionary:
mvp/scripts/ui/character_creation/slides/slide_02_class_stats.gd	79	incoming_secondary_stats = tmp_secondary_stats as Dictionary
mvp/scripts/ui/character_creation/slides/slide_03_feats_abilities.gd	5	"const CharacterCreationRules = preload(""res://scripts/services/character_creation_rules_service.gd"")"
mvp/scripts/ui/character_creation/slides/slide_03_feats_abilities.gd	19	"var tmp_feats = data.get(""selected_feats"")"
mvp/scripts/ui/character_creation/slides/slide_03_feats_abilities.gd	20	if tmp_feats != null:
mvp/scripts/ui/character_creation/slides/slide_03_feats_abilities.gd	21	_selected_feats = tmp_feats as Array
mvp/scripts/ui/character_creation/slides/slide_03_feats_abilities.gd	22	"var tmp_abilities = data.get(""selected_abilities"")"
mvp/scripts/ui/character_creation/slides/slide_03_feats_abilities.gd	23	if tmp_abilities != null:
mvp/scripts/ui/character_creation/slides/slide_03_feats_abilities.gd	24	var ability_array = tmp_abilities as Array
mvp/scripts/ui/character_creation/slides/slide_03_feats_abilities.gd	27	"var tmp_stats = data.get(""stats"")"
mvp/scripts/ui/character_creation/slides/slide_03_feats_abilities.gd	28	if tmp_stats != null and tmp_stats is Dictionary:
mvp/scripts/ui/character_creation/slides/slide_03_feats_abilities.gd	29	_current_stats = (tmp_stats as Dictionary).duplicate(true)
mvp/scripts/ui/character_creation/slides/slide_03_feats_abilities.gd	30	"var tmp_class_id = data.get(""class_id"")"
mvp/scripts/ui/character_creation/slides/slide_03_feats_abilities.gd	31	if tmp_class_id != null:
mvp/scripts/ui/character_creation/slides/slide_03_feats_abilities.gd	32	_current_class_id = str(tmp_class_id)
mvp/scripts/ui/character_creation/slides/slide_03_feats_abilities.gd	90	"preload(""res://scripts/ui/components/keyboard_tooltip.gd"").bind(button)"
mvp/scripts/ui/character_creation/slides/slide_03_feats_abilities.gd	197	"preload(""res://scripts/ui/components/keyboard_tooltip.gd"").bind(prereq_label)"
mvp/scripts/ui/character_creation/slides/slide_04_items_equipment.gd	5	"const MALE_PORTRAIT = preload(""res://assets/images/hero/homme/male.png"")"
mvp/scripts/ui/character_creation/slides/slide_04_items_equipment.gd	6	"const FEMALE_PORTRAIT = preload(""res://assets/images/hero/femme/female.png"")"
mvp/scripts/ui/character_creation/slides/slide_04_items_equipment.gd	160	"var card_scene := load(""res://scenes/ui/character_creation/components/inventory_item_card.tscn"")"
mvp/scripts/ui/character_sheet.gd	3	"const FallenUI = preload(""res://scripts/ui/fallen_ui.gd"")"
mvp/scripts/ui/character_sheet.gd	7	"var CharacterClass = preload(""res://scripts/data/character.gd"")"
mvp/scripts/ui/character_sheet.gd	8	"const CharacterCreationRules = preload(""res://scripts/services/character_creation_rules_service.gd"")"
mvp/scripts/ui/character_sheet.gd	88	"CharacterClass = preload(""res://scripts/data/character.gd"")"
mvp/scripts/ui/character_sheet.gd	339	"CharacterClass = preload(""res://scripts/data/character.gd"")"
mvp/scripts/ui/character_sheet.gd	629	"var base_dir: String = ""res://data/exports/"""
mvp/scripts/ui/clan_hub.gd	10	"const FallenUI = preload(""res://scripts/ui/fallen_ui.gd"")"
mvp/scripts/ui/clan_hub.gd	12	"const RefugePanel = preload(""res://scripts/ui/refuge_panel.gd"")"
mvp/scripts/ui/clan_hub.gd	13	"const Refuge = preload(""res://scripts/services/refuge_service.gd"")"
mvp/scripts/ui/clan_hub.gd	15	"const FKHelpers = preload(""res://scripts/utils/fk_helpers.gd"")"
mvp/scripts/ui/clan_hub.gd	16	"const ResourcePathResolver = preload(""res://scripts/utils/resource_path_resolver.gd"")"
mvp/scripts/ui/clan_hub.gd	17	"const VisualAssetCatalog = preload(""res://scripts/ui/visual_asset_catalog.gd"")"
mvp/scripts/ui/clan_hub.gd	61	"""LabelOr"":      ""res://assets/icon/gold.png"","
mvp/scripts/ui/clan_hub.gd	62	"""LabelSoldats"": ""res://assets/icon/soldat.png"","
mvp/scripts/ui/clan_hub.gd	63	"""LabelMana"":    ""res://assets/icon/mana.png"","
mvp/scripts/ui/clan_hub.gd	68	"{""key"": ""bois"",        ""icon"": ""res://assets/icon/wood.png"",    ""label"": ""Bois"",        ""color"": Color(0.72, 0.55, 0.35, 1.0)},"
mvp/scripts/ui/clan_hub.gd	69	"{""key"": ""fer"",         ""icon"": ""res://assets/icon/iron.png"",    ""label"": ""Fer"",         ""color"": Color(0.75, 0.78, 0.82, 1.0)},"
mvp/scripts/ui/clan_hub.gd	71	"{""key"": ""nourriture"",  ""icon"": ""res://assets/icon/food.png"",    ""label"": ""Nourriture"", ""color"": Color(0.60, 0.88, 0.45, 1.0)},"
mvp/scripts/ui/clan_hub.gd	72	"{""key"": ""essence"",     ""icon"": ""res://assets/icon/essence.png"", ""label"": ""Essence"",    ""color"": Color(0.80, 0.40, 1.00, 1.0)},"
mvp/scripts/ui/clan_hub.gd	465	"var sheet_scene: PackedScene = load(""res://scenes/character_sheet.tscn"") as PackedScene"
mvp/scripts/ui/clan_hub.gd	777	## Charge un fichier JSON depuis un chemin res:// et retourne un Dictionary.
mvp/scripts/ui/clan_hub.gd	1061	"return ResourcePathResolver.load_texture(exact_path, ""res://assets/images"")"
mvp/scripts/ui/clan_hub.gd	1068	"var res_path := ""res://assets/images/clan/defaut.png"""
mvp/scripts/ui/clan_hub.gd	1075	# Do not attempt to load external lore images (deleted). Use only res://assets/images/clan/defaut.png if present.
mvp/scripts/ui/creation_personnage.gd	3	"const FallenUI = preload(""res://scripts/ui/fallen_ui.gd"")"
mvp/scripts/ui/creation_personnage.gd	5	"const MODULAR_CREATION_SCENE := ""res://scenes/character_creation/character_creation_screen.tscn"""
mvp/scripts/ui/dungeon_view.gd	2	"const FallenUI = preload(""res://scripts/ui/fallen_ui.gd"")"
mvp/scripts/ui/dungeon_view.gd	3	"const Combat = preload(""res://scripts/services/tactical_combat_service.gd"")"
mvp/scripts/ui/dungeon_view.gd	4	"const Tutorial = preload(""res://scripts/autoload/tutorial_director.gd"")"
mvp/scripts/ui/dungeon_view.gd	56	"preload(""res://scripts/ui/components/keyboard_tooltip.gd"").bind(cell)"
mvp/scripts/ui/dungeon_view.gd	64	"preload(""res://scripts/ui/components/keyboard_tooltip.gd"").bind(button)"
mvp/scripts/ui/dungeon_view.gd	73	"preload(""res://scripts/ui/components/keyboard_tooltip.gd"").bind(btn_exit)"
mvp/scripts/ui/dungeon_view.gd	227	"portrait.texture = load(""res://assets/images/PNJ/defaut/Kael.png"")"
mvp/scripts/ui/dungeon_view.gd	256	"preload(""res://scripts/ui/components/keyboard_tooltip.gd"").bind(enter)"
mvp/scripts/ui/event_result_presenter.gd	6	"const ResourcePathResolver = preload(""res://scripts/utils/resource_path_resolver.gd"")"
mvp/scripts/ui/event_result_presenter.gd	7	"const VisualAssetCatalog = preload(""res://scripts/ui/visual_asset_catalog.gd"")"
mvp/scripts/ui/event_result_presenter.gd	79	"var texture := ResourcePathResolver.load_texture(normalized, ""res://assets/images"")"
mvp/scripts/ui/event_result_view.gd	6	"const Presenter = preload(""res://scripts/ui/event_result_presenter.gd"")"
mvp/scripts/ui/fallen_ui.gd	24	"const EMBLEM_PATH := ""res://assets/icon/jeu.png"""
mvp/scripts/ui/intro_vn.gd	4	"const Refuge = preload(""res://scripts/services/refuge_service.gd"")"
mvp/scripts/ui/intro_vn.gd	9	"const AnimationController = preload(""res://scripts/ui/tutorials/character_animation_controller.gd"")"
mvp/scripts/ui/intro_vn.gd	12	"const FallenUI = preload(""res://scripts/ui/fallen_ui.gd"")"
mvp/scripts/ui/intro_vn.gd	13	"const ResourcePathResolver = preload(""res://scripts/utils/resource_path_resolver.gd"")"
mvp/scripts/ui/intro_vn.gd	14	"const VisualAssetCatalog = preload(""res://scripts/ui/visual_asset_catalog.gd"")"
mvp/scripts/ui/intro_vn.gd	74	"""or"":        ""res://assets/icon/gold.png"","
mvp/scripts/ui/intro_vn.gd	75	"""soldats"":   ""res://assets/icon/soldat.png"","
mvp/scripts/ui/intro_vn.gd	76	"""mana"":      ""res://assets/icon/mana.png"","
mvp/scripts/ui/intro_vn.gd	77	"""nourriture"": ""res://assets/icon/food.png"","
mvp/scripts/ui/intro_vn.gd	78	"""bois"":      ""res://assets/icon/wood.png"","
mvp/scripts/ui/intro_vn.gd	79	"""fer"":       ""res://assets/icon/iron.png"","
mvp/scripts/ui/intro_vn.gd	80	"""essence"":   ""res://assets/icon/essence.png"","
mvp/scripts/ui/intro_vn.gd	131	"_player_portrait_texture = ResourcePathResolver.load_texture(_player_portrait_path, ""res://assets/images/hero"")"
mvp/scripts/ui/intro_vn.gd	179	"var path := ""res://data/ui_visual_bindings.json"""
mvp/scripts/ui/intro_vn.gd	195	"var path := ""res://data/intro_vn.json"""
mvp/scripts/ui/intro_vn.gd	198	"path = ""res://data/intro_vn_legacy.json"""
mvp/scripts/ui/intro_vn.gd	712	"icon.texture = ResourcePathResolver.load_texture(icon_path, ""res://assets/icon"")"
mvp/scripts/ui/intro_vn.gd	789	"_: return token if token.begins_with(""res://"") else """""
mvp/scripts/ui/intro_vn.gd	793	"var texture: Texture2D = ResourcePathResolver.load_texture(illus_name, ""res://assets/images"")"
mvp/scripts/ui/intro_vn.gd	1042	"opening[""memories""] = preload(""res://scripts/services/memory_tutorial_service.gd"").fresh()"
mvp/scripts/ui/main_menu.gd	2	"const FallenUI = preload(""res://scripts/ui/fallen_ui.gd"")"
mvp/scripts/ui/main_menu.gd	3	"const VisualAssetCatalog = preload(""res://scripts/ui/visual_asset_catalog.gd"")"
mvp/scripts/ui/main_menu.gd	7	"const EMBLEM_PATH = ""res://assets/icon/jeu.png"""
mvp/scripts/ui/main_menu.gd	8	"const SOUND_ICON_PATH = ""res://assets/ui/stop_icon.png"""
mvp/scripts/ui/main_menu.gd	132	"var shader_res := load(""res://scripts/ui/menu_bg_shader.gdshader"")"
mvp/scripts/ui/main_menu.gd	388	"var path: String = ""user://settings.json"""
mvp/scripts/ui/main_menu.gd	397	"var path: String = ""user://settings.json"""
mvp/scripts/ui/main_menu_reworked.gd	2	"const FallenUI = preload(""res://scripts/ui/fallen_ui.gd"")"
mvp/scripts/ui/main_menu_reworked.gd	5	"{""key"":""new"", ""title"":""Nouvelle partie"", ""desc"":""Fonder une Maison déchue et reprendre votre héritage"", ""icon"":""res://assets/icon/jeu.png""},"
mvp/scripts/ui/main_menu_reworked.gd	6	"{""key"":""continue"", ""title"":""Continuer"", ""desc"":""Reprendre le dernier serment sauvegardé"", ""icon"":""res://assets/images/clan/defaut.png""},"
mvp/scripts/ui/main_menu_reworked.gd	7	"{""key"":""encyclo"", ""title"":""Chroniques"", ""desc"":""Relire les récits et secrets déjà révélés"", ""icon"":""res://assets/images/clan/nine_nobles.png""},"
mvp/scripts/ui/map_view.gd	4	"const FallenUI = preload(""res://scripts/ui/fallen_ui.gd"")"
mvp/scripts/ui/map_view.gd	45	"_load_map_texture(""res://assets/maps/veyr_world.png"")"
mvp/scripts/ui/map_view.gd	51	"_load_map_texture(""res://assets/maps/veyr_world.png"")"
mvp/scripts/ui/map_view.gd	53	"_load_map_texture(""res://assets/maps/marches_cendrees.png"")"
mvp/scripts/ui/pnj_card.gd	4	"const FKHelpers = preload(""res://scripts/utils/fk_helpers.gd"")"
mvp/scripts/ui/pnj_card.gd	5	"const ResourcePathResolver = preload(""res://scripts/utils/resource_path_resolver.gd"")"
mvp/scripts/ui/pnj_card.gd	6	"const VisualAssetCatalog = preload(""res://scripts/ui/visual_asset_catalog.gd"")"
mvp/scripts/ui/pnj_card.gd	97	"var explicit_tex := ResourcePathResolver.load_texture(explicit_portrait, ""res://assets/images/PNJ"")"
mvp/scripts/ui/pnj_card.gd	104	"var p_id = ""res://assets/images/PNJ/%s/%s"" % [pnj_basename, pnj_basename] + e"
mvp/scripts/ui/pnj_card.gd	111	"var p_id2 = ""res://assets/images/PNJ/%s"" % pnj_basename + e"
mvp/scripts/ui/pnj_card.gd	118	"var root = DirAccess.open(""res://assets/images/PNJ"")"
mvp/scripts/ui/pnj_card.gd	124	"var sub = DirAccess.open(""res://assets/images/PNJ/%s"" % entry)"
mvp/scripts/ui/pnj_card.gd	133	"var p2 = ""res://assets/images/PNJ/%s/%s"" % [entry, fname2]"
mvp/scripts/ui/pnj_card.gd	148	"var base = ""res://assets/images/PNJ/%s/%s"" % [pnj_class, pnj_class]"
mvp/scripts/ui/pnj_card.gd	156	"var dir = DirAccess.open(""res://assets/images/PNJ/%s"" % pnj_class)"
mvp/scripts/ui/pnj_card.gd	164	"var p2 = ""res://assets/images/PNJ/%s/%s"" % [pnj_class, fname]"
mvp/scripts/ui/pnj_card.gd	182	"var tex2 := ResourcePathResolver.load_texture(fallback_path, ""res://assets/images/PNJ"")"
mvp/scripts/ui/pnj_manager.gd	2	"const VisualAssetCatalog = preload(""res://scripts/ui/visual_asset_catalog.gd"")"
mvp/scripts/ui/pnj_manager.gd	3	"const ResourcePathResolver = preload(""res://scripts/utils/resource_path_resolver.gd"")"
mvp/scripts/ui/pnj_manager.gd	4	"const FallenUI = preload(""res://scripts/ui/fallen_ui.gd"")"
mvp/scripts/ui/pnj_manager.gd	354	"loaded_tex = ResourcePathResolver.load_texture(explicit_portrait, ""res://assets/images/PNJ"")"
mvp/scripts/ui/pnj_manager.gd	355	# 1) Try id-based exact paths: res://assets/images/PNJ/<basename>/<basename>.<ext>
mvp/scripts/ui/pnj_manager.gd	358	"var p_id = ""res://assets/images/PNJ/%s/%s"" % [pnj_basename, pnj_basename] + e"
mvp/scripts/ui/pnj_manager.gd	362	# 2) Try id-based directly under PNJ folder: res://assets/images/PNJ/<basename>.<ext>
mvp/scripts/ui/pnj_manager.gd	365	"var p_id2 = ""res://assets/images/PNJ/%s"" % pnj_basename + e"
mvp/scripts/ui/pnj_manager.gd	371	"var ui_try = ""res://assets/ui/%s.png"" % pnj_basename"
mvp/scripts/ui/pnj_manager.gd	377	"var root = DirAccess.open(""res://assets/images/PNJ"")"
mvp/scripts/ui/pnj_manager.gd	383	"var sub = DirAccess.open(""res://assets/images/PNJ/%s"" % entry)"
mvp/scripts/ui/pnj_manager.gd	392	"var p2 = ""res://assets/images/PNJ/%s/%s"" % [entry, fname2]"
mvp/scripts/ui/pnj_manager.gd	407	"var base = ""res://assets/images/PNJ/%s/%s"" % [pnj_class, pnj_class]"
mvp/scripts/ui/pnj_manager.gd	414	"var dir = DirAccess.open(""res://assets/images/PNJ/%s"" % pnj_class)"
mvp/scripts/ui/pnj_manager.gd	422	"var p2 = ""res://assets/images/PNJ/%s/%s"" % [pnj_class, fname]"
mvp/scripts/ui/pnj_manager.gd	441	"selected_tex = ResourcePathResolver.load_texture(fallback_path, ""res://assets/images/PNJ"")"
mvp/scripts/ui/power_routes_panel.gd	4	"const Campaign = preload(""res://scripts/services/power_campaign_service.gd"")"
mvp/scripts/ui/power_routes_panel.gd	5	"const Loops = preload(""res://scripts/services/power_loop_service.gd"")"
mvp/scripts/ui/power_routes_panel.gd	6	"const Objectives = preload(""res://scripts/services/narrative_objective_service.gd"")"
mvp/scripts/ui/power_routes_panel.gd	7	"const FallenUI = preload(""res://scripts/ui/fallen_ui.gd"")"
mvp/scripts/ui/power_routes_panel.gd	101	"_modal = preload(""res://scenes/ui/event_result_view.tscn"").instantiate()"
mvp/scripts/ui/refuge_panel.gd	5	"const Refuge = preload(""res://scripts/services/refuge_service.gd"")"
mvp/scripts/ui/refuge_panel.gd	6	"const Tutorial = preload(""res://scripts/autoload/tutorial_director.gd"")"
mvp/scripts/ui/refuge_panel.gd	7	"const FallenUI = preload(""res://scripts/ui/fallen_ui.gd"")"
mvp/scripts/ui/refuge_panel.gd	48	"var routes := preload(""res://scripts/ui/power_routes_panel.gd"").new()"
mvp/scripts/ui/refuge_panel.gd	62	"preload(""res://scripts/ui/components/keyboard_tooltip.gd"").bind(stat_button)"
mvp/scripts/ui/refuge_panel.gd	75	"var sequences: Array = preload(""res://scripts/services/memory_tutorial_service.gd"").sequences()"
mvp/scripts/ui/refuge_panel.gd	132	"preload(""res://scripts/ui/components/keyboard_tooltip.gd"").bind(person_label)"
mvp/scripts/ui/refuge_panel.gd	242	"preload(""res://scripts/ui/components/keyboard_tooltip.gd"").bind(label)"
mvp/scripts/ui/resolution_action.gd	7	"const FallenUI = preload(""res://scripts/ui/fallen_ui.gd"")"
mvp/scripts/ui/resolution_action.gd	8	"const VisualAssetCatalog = preload(""res://scripts/ui/visual_asset_catalog.gd"")"
mvp/scripts/ui/resolution_action.gd	9	"const ResourcePathResolver = preload(""res://scripts/utils/resource_path_resolver.gd"")"
mvp/scripts/ui/resolution_action.gd	30	"const RES_ANIMATOR = preload(""res://scripts/ui/resolution_animator.gd"")"
mvp/scripts/ui/resolution_action.gd	79	"joueur_icon.texture = ResourcePathResolver.load_texture(hero_img_path, ""res://assets/images"") if not hero_img_path.is_empty() else null"
mvp/scripts/ui/resolution_action.gd	84	"var icone_cible_path = ""res://assets/icon/jeu.png"""
mvp/scripts/ui/resolution_action.gd	90	"var tentative = ""res://assets/images/clan/%s.png"" % maison_nom"
mvp/scripts/ui/resolution_action.gd	94	"icone_cible_path = ""res://assets/icon/jeu.png"""
mvp/scripts/ui/slot_select.gd	2	"const FallenUI = preload(""res://scripts/ui/fallen_ui.gd"")"
mvp/scripts/ui/slot_select.gd	4	"const DateTimeFormatterClass = preload(""res://scripts/services/date_time_formatter.gd"")"
mvp/scripts/ui/stop_music_ui.gd	24	"var tex := ResourceLoader.load(""res://assets/ui/stop_icon.png"")"
mvp/scripts/ui/tutorials/character_animation_controller.gd	3	"const Placeholder = preload(""res://scripts/ui/tutorials/placeholder_animator.gd"")"
mvp/scripts/ui/tutorials/memory_tutorial_view.gd	3	"const Memories = preload(""res://scripts/services/memory_tutorial_service.gd"")"
mvp/scripts/ui/tutorials/memory_tutorial_view.gd	4	"const Loops = preload(""res://scripts/services/power_loop_service.gd"")"
mvp/scripts/ui/tutorials/memory_tutorial_view.gd	5	"const FallenUI = preload(""res://scripts/ui/fallen_ui.gd"")"
mvp/scripts/ui/tutorials/memory_tutorial_view.gd	6	"const Visuals = preload(""res://scripts/ui/visual_asset_catalog.gd"")"
mvp/scripts/ui/tutorials/memory_tutorial_view.gd	7	"const Animator = preload(""res://scripts/ui/tutorials/character_animation_controller.gd"")"
mvp/scripts/ui/tutorials/memory_tutorial_view.gd	8	"const Highlight = preload(""res://scripts/ui/tutorials/tutorial_highlight.gd"")"
mvp/scripts/ui/tween/classedeperso/abyss_paladin_card.gd	3	"extends ""res://scripts/ui/tween/classedeperso/base_class_card.gd"""
mvp/scripts/ui/tween/classedeperso/base_class_card.gd	43	"if not path.begins_with(""res://""):"
mvp/scripts/ui/tween/classedeperso/base_class_card.gd	44	"path = ""res://%s"" % path"
mvp/scripts/ui/tween/classedeperso/base_class_card.gd	50	"var png := ""res://assets/class_icons/%s.png"" % class_id_key"
mvp/scripts/ui/tween/classedeperso/berserker_demon_card.gd	3	"extends ""res://scripts/ui/tween/classedeperso/base_class_card.gd"""
mvp/scripts/ui/tween/classedeperso/blood_sorcerer_card.gd	3	"extends ""res://scripts/ui/tween/classedeperso/base_class_card.gd"""
mvp/scripts/ui/tween/classedeperso/class_card_factory.gd	6	"const BaseClassCardClass = preload(""res://scripts/ui/tween/classedeperso/base_class_card.gd"")"
mvp/scripts/ui/tween/classedeperso/class_card_factory.gd	7	"const DemonBladeCardClass = preload(""res://scripts/ui/tween/classedeperso/demon_blade_card.gd"")"
mvp/scripts/ui/tween/classedeperso/class_card_factory.gd	8	"const HellcasterCardClass = preload(""res://scripts/ui/tween/classedeperso/hellcaster_card.gd"")"
mvp/scripts/ui/tween/classedeperso/class_card_factory.gd	9	"const ShadowfangCardClass = preload(""res://scripts/ui/tween/classedeperso/shadowfang_card.gd"")"
mvp/scripts/ui/tween/classedeperso/class_card_factory.gd	10	"const SoulwardenCardClass = preload(""res://scripts/ui/tween/classedeperso/soulwarden_card.gd"")"
mvp/scripts/ui/tween/classedeperso/class_card_factory.gd	11	"const HellrangerCardClass = preload(""res://scripts/ui/tween/classedeperso/hellranger_card.gd"")"
mvp/scripts/ui/tween/classedeperso/class_card_factory.gd	12	"const AbyssPaladinCardClass = preload(""res://scripts/ui/tween/classedeperso/abyss_paladin_card.gd"")"
mvp/scripts/ui/tween/classedeperso/class_card_factory.gd	13	"const PactboundCardClass = preload(""res://scripts/ui/tween/classedeperso/pactbound_card.gd"")"
mvp/scripts/ui/tween/classedeperso/class_card_factory.gd	14	"const EchoBardCardClass = preload(""res://scripts/ui/tween/classedeperso/echo_bard_card.gd"")"
mvp/scripts/ui/tween/classedeperso/class_card_factory.gd	15	"const BerserkerDemonCardClass = preload(""res://scripts/ui/tween/classedeperso/berserker_demon_card.gd"")"
mvp/scripts/ui/tween/classedeperso/class_card_factory.gd	16	"const VoidMonkCardClass = preload(""res://scripts/ui/tween/classedeperso/void_monk_card.gd"")"
mvp/scripts/ui/tween/classedeperso/class_card_factory.gd	17	"const WildDruidCardClass = preload(""res://scripts/ui/tween/classedeperso/wild_druid_card.gd"")"
mvp/scripts/ui/tween/classedeperso/class_card_factory.gd	18	"const BloodSorcererCardClass = preload(""res://scripts/ui/tween/classedeperso/blood_sorcerer_card.gd"")"
mvp/scripts/ui/tween/classedeperso/class_card_factory.gd	19	"const InfernalArtificerCardClass = preload(""res://scripts/ui/tween/classedeperso/infernal_artificer_card.gd"")"
mvp/scripts/ui/tween/classedeperso/class_card_factory.gd	20	"const WarlordCardClass = preload(""res://scripts/ui/tween/classedeperso/warlord_card.gd"")"
mvp/scripts/ui/tween/classedeperso/demon_blade_card.gd	3	"extends ""res://scripts/ui/tween/classedeperso/base_class_card.gd"""
mvp/scripts/ui/tween/classedeperso/echo_bard_card.gd	3	"extends ""res://scripts/ui/tween/classedeperso/base_class_card.gd"""
mvp/scripts/ui/tween/classedeperso/hellcaster_card.gd	3	"extends ""res://scripts/ui/tween/classedeperso/base_class_card.gd"""
mvp/scripts/ui/tween/classedeperso/hellcaster_tween.gd	7	"const HELLCASTER_ICON_PATH := ""res://assets/class_icons/hellcaster.png"""
mvp/scripts/ui/tween/classedeperso/hellcaster_tween.gd	9	"""res://assets/class_icons/flame.png"","
mvp/scripts/ui/tween/classedeperso/hellcaster_tween.gd	102	"if not path.begins_with(""res://""):"
mvp/scripts/ui/tween/classedeperso/hellcaster_tween.gd	103	"path = ""res://%s"" % path"
mvp/scripts/ui/tween/classedeperso/hellranger_card.gd	3	"extends ""res://scripts/ui/tween/classedeperso/base_class_card.gd"""
mvp/scripts/ui/tween/classedeperso/infernal_artificer_card.gd	3	"extends ""res://scripts/ui/tween/classedeperso/base_class_card.gd"""
mvp/scripts/ui/tween/classedeperso/pactbound_card.gd	3	"extends ""res://scripts/ui/tween/classedeperso/base_class_card.gd"""
mvp/scripts/ui/tween/classedeperso/shadowfang_card.gd	3	"extends ""res://scripts/ui/tween/classedeperso/base_class_card.gd"""
mvp/scripts/ui/tween/classedeperso/soulwarden_card.gd	3	"extends ""res://scripts/ui/tween/classedeperso/base_class_card.gd"""
mvp/scripts/ui/tween/classedeperso/void_monk_card.gd	3	"extends ""res://scripts/ui/tween/classedeperso/base_class_card.gd"""
mvp/scripts/ui/tween/classedeperso/warlord_card.gd	3	"extends ""res://scripts/ui/tween/classedeperso/base_class_card.gd"""
mvp/scripts/ui/tween/classedeperso/wild_druid_card.gd	3	"extends ""res://scripts/ui/tween/classedeperso/base_class_card.gd"""
mvp/scripts/ui/visual_asset_catalog.gd	5	"const ResourcePathResolver = preload(""res://scripts/utils/resource_path_resolver.gd"")"
mvp/scripts/ui/visual_asset_catalog.gd	8	"""pnj_female"": ""res://assets/images/PNJ/defaut/female.png"","
mvp/scripts/ui/visual_asset_catalog.gd	9	"""pnj_male"": ""res://assets/images/PNJ/defaut/male.png"","
mvp/scripts/ui/visual_asset_catalog.gd	10	"""kael"": ""res://assets/images/PNJ/defaut/Kael.png"","
mvp/scripts/ui/visual_asset_catalog.gd	11	"""player_default"": ""res://assets/images/hero/defaut.png"","
mvp/scripts/ui/visual_asset_catalog.gd	12	"""player_female"": ""res://assets/images/hero/femme/female.png"","
mvp/scripts/ui/visual_asset_catalog.gd	13	"""player_male"": ""res://assets/images/hero/homme/male.png"","
mvp/scripts/ui/visual_asset_catalog.gd	18	"""mother"": ""res://assets/images/clan/mère/Okasa-sama (6).png"","
mvp/scripts/ui/visual_asset_catalog.gd	19	"""father_alone"": ""res://assets/images/clan/Pere et fils/Ottosama_00002_.png"","
mvp/scripts/ui/visual_asset_catalog.gd	20	"""mother_with_son"": ""res://assets/images/clan/mère/Mèreetfils.png"","
mvp/scripts/ui/visual_asset_catalog.gd	21	"""father_with_daughter"": ""res://assets/images/clan/Pere et fille/Ottosama_00026_.png"","
mvp/scripts/ui/visual_asset_catalog.gd	22	"""father_with_son"": ""res://assets/images/clan/Pere et fils/Ottosama_00003_.png"","
mvp/scripts/ui/visual_asset_catalog.gd	23	"""heir_male"": ""res://assets/images/clan/hero-children/boy.png"","
mvp/scripts/ui/visual_asset_catalog.gd	24	"""heir_female"": ""res://assets/images/clan/hero-children/girl (1).png"","
mvp/scripts/ui/visual_asset_catalog.gd	28	"""clan"": ""res://assets/images/clan/defaut.png"","
mvp/scripts/ui/visual_asset_catalog.gd	29	"""veyr_world"": ""res://assets/maps/veyr_world.png"","
mvp/scripts/ui/visual_asset_catalog.gd	30	"""marches"": ""res://assets/maps/marches_cendrees.png"","
mvp/scripts/ui/visual_asset_catalog.gd	34	"""or"": ""res://assets/icon/gold.png"","
mvp/scripts/ui/visual_asset_catalog.gd	35	"""soldats"": ""res://assets/icon/soldat.png"","
mvp/scripts/ui/visual_asset_catalog.gd	36	"""mana"": ""res://assets/icon/mana.png"","
mvp/scripts/ui/visual_asset_catalog.gd	37	"""nourriture"": ""res://assets/icon/food.png"","
mvp/scripts/ui/visual_asset_catalog.gd	38	"""bois"": ""res://assets/icon/wood.png"","
mvp/scripts/ui/visual_asset_catalog.gd	39	"""fer"": ""res://assets/icon/iron.png"","
mvp/scripts/ui/visual_asset_catalog.gd	40	"""essence"": ""res://assets/icon/essence.png"","
mvp/scripts/ui/visual_asset_catalog.gd	41	"""reputation"": ""res://assets/icon/reputation.png"","
mvp/scripts/ui/visual_asset_catalog.gd	42	"""pierre"": ""res://assets/icon/stone.png"","
mvp/scripts/ui/visual_asset_catalog.gd	55	"const FAMILY_DIRECTORY := ""res://assets/images/clan"""
mvp/scripts/ui/visual_asset_catalog.gd	56	"const MENU_ICON_DIRECTORY := ""res://assets/ui/icons"""
mvp/scripts/ui/visual_asset_catalog.gd	145	"return ResourcePathResolver.load_texture(path, ""res://assets/images"")"
mvp/scripts/ui/visual_asset_catalog.gd	163	"var direct: Texture2D = ResourcePathResolver.load_texture(path, ""res://assets/images/hero"")"
mvp/scripts/utils/resource_path_resolver.gd	1	## Centralise la résolution des chemins res:// et user://.
mvp/scripts/utils/resource_path_resolver.gd	6	"const DATA_ROOT := ""res://data"""
mvp/scripts/utils/resource_path_resolver.gd	7	"const ASSET_ROOT := ""res://assets"""
mvp/scripts/utils/resource_path_resolver.gd	8	"const STORY_ROOT := ""res://story"""
mvp/scripts/utils/resource_path_resolver.gd	9	"const SCRIPT_ROOT := ""res://scripts"""
mvp/scripts/utils/resource_path_resolver.gd	10	"const IMPORTED_ROOT := ""res://.godot/imported"""
mvp/scripts/utils/resource_path_resolver.gd	17	"if value.begins_with(""res://"") or value.begins_with(""user://""):"
mvp/scripts/utils/resource_path_resolver.gd	31	"if child.begins_with(""res://"") or child.begins_with(""user://"") or _is_absolute_filesystem_path(child):"
mvp/scripts/utils/resource_path_resolver.gd	104	"static func load_texture(path_or_name: String, base_path: String = ""res://assets/images"") -> Texture2D:"
mvp/scripts/utils/resource_path_resolver.gd	150	"var primary: String = raw if raw.begins_with(""res://"") or raw.begins_with(""user://"") or _is_absolute_filesystem_path(raw) else join(base_path, raw)"
mvp/tools/run_refactor_smoke.sh	20	"""res://scripts/tests/smoke_stats.gd"""
mvp/tools/run_refactor_smoke.sh	21	"""res://scripts/tests/smoke_pnj_management.gd"""
mvp/tools/run_refactor_smoke.sh	22	"""res://scripts/tests/smoke_refactor_domain.gd"""
mvp/tools/run_refactor_smoke.sh	23	"""res://scripts/tests/generate_pnj_test.gd"""
scripts/data/character.gd	1	"extends ""res://mvp/scripts/data/character.gd"""
scripts/ensure_export_templates.sh	29	"""/github/home/.local/share/godot/export_templates"""
scripts/test_memorial_prologue.sh	5	"validation_dir=""$(mktemp -d /tmp/fk-memorial-XXXXXX)"""
scripts/ui/character_sheet.gd	1	"extends ""res://mvp/scripts/ui/character_sheet.gd"""
scripts/ui/creation_personnage.gd	18	# Les définitions de classes sont désormais centralisées dans `res://mvp/data/classes.json`
scripts/ui/creation_personnage.gd	256	# Construire dynamiquement les cartes de classes (depuis res://data/classes.json)
scripts/ui/creation_personnage.gd	770	"if out.begins_with(""file://""):"
scripts/ui/creation_personnage.gd	944	"push_warning(""creation_personnage: aucune classe chargée — vérifiez res://mvp/data/classes.json ou GameDataLoader."")"
scripts/ui/creation_personnage.gd	1064	"var scene: PackedScene = load(""res://scenes/character_sheet.tscn"") as PackedScene"
